doc_id,filename,title,section,category,topic,audience,form_number,rev_date,page_count,word_count,extractor,source_url,source_domain,retrieved_at,content_sha256
aa5f20626fe18a9f,0503adminletteronline.pdf,0503Adminletteronline,NCDHHS Forms,policy,intake,social_worker,,,2,702,local-cascade,https://policies.ncdhhs.gov/wp-content/uploads/0503adminletteronline.pdf,policies.ncdhhs.gov,2026-06-25,66de62eb391e8abf53c16e569023c3e45eae0bd04d2be6d078e52151d9e797b1
6a1f810c793f9f51,052002.pdf,052002,NCDHHS Forms,policy,foster_care,social_worker,,,3,637,local-cascade,https://policies.ncdhhs.gov/wp-content/uploads/052002.pdf,policies.ncdhhs.gov,2026-06-25,3a332edfd161a89040fcd7c5a898b977323f5e0b86c173bad535b9f667f0654c
403cfa19ea657453,0603adminletter.pdf,0603Adminletter,NCDHHS Forms,policy,intake,social_worker,,,4,2393,local-cascade,https://policies.ncdhhs.gov/wp-content/uploads/0603adminletter.pdf,policies.ncdhhs.gov,2026-06-25,7d189268b24525b5a415b950cc0edf76765c44d4babd82613a05286e1e416ded
375ae1c47f03d6d3,07-2003.pdf,Family Support and Child Welfare Administrative,NCDHHS Forms,policy,health,social_worker,,,5,1580,local-cascade,https://policies.ncdhhs.gov/wp-content/uploads/07-2003.pdf,policies.ncdhhs.gov,2026-06-25,ddf1b37635851a73e54a831232128e8fb050ab79b5f2d7713fba0573b0ec6529
226bc03823fd061d,1000_cn_1104.pdf,Chapter IX: Drug Endangered Children Change,NCDHHS Forms,policy,assessment,social_worker,DSS-5256,,3,542,local-cascade,https://policies.ncdhhs.gov/wp-content/uploads/1000_cn_1104.pdf,policies.ncdhhs.gov,2026-06-25,4ff28bbbaad8d84cd48893bf752d63c17cf2115d2b84ad6bbebd35eca6e7f8b1
ddfc17268c7799e2,20201-2nd-Party-Review-Form-APPLICATIONS-Rev-3.2023.docx,20201 2Nd Party Review Form Applications Rev 3.2023,NCDHHS Forms,other,intake,social_worker,DSS-6969,,1,858,local-cascade,https://policies.ncdhhs.gov/wp-content/uploads/20201-2nd-Party-Review-Form-APPLICATIONS-Rev-3.2023.docx,policies.ncdhhs.gov,2026-06-25,f31b64d17257e76450031afd383ad3554a5f7052419993975213d0f6effa943a
445b8cd41504183e,20202-2nd-Party-Review-Form-RECERTIFICATIONS-Rev-3.2023.docx,20202 2Nd Party Review Form Recertifications Rev 3.2023,NCDHHS Forms,other,assessment,social_worker,DSS-8110,,1,865,local-cascade,https://policies.ncdhhs.gov/wp-content/uploads/20202-2nd-Party-Review-Form-RECERTIFICATIONS-Rev-3.2023.docx,policies.ncdhhs.gov,2026-06-25,c1ee01030147bc4288137db630c74d7e1d3612961685188323dac64788e4e717
eedc6146c05c6d83,Appendix-2-CPPS-June-2025.pdf,Appendix 2 Cpps June 2025,NCDHHS Forms,manual,assessment,social_worker,,,65,23352,local-cascade,https://policies.ncdhhs.gov/wp-content/uploads/Appendix-2-CPPS-June-2025.pdf,policies.ncdhhs.gov,2026-06-25,51b69fd1fff8c0d52f33995afd2951effd27d2f7b1c4974c3e4ca31f7fed8497
3ba8dc7a5db043a3,Appendix-2-PATH-NC-Child-Placement-and-Payment-Information-CPPI-Manual-April-2026.pdf,Appendix 2 Path Nc Child Placement And Payment Information Cppi Manual April 2026,NCDHHS Forms,manual,foster_care,social_worker,DSS-5094,,16,6660,local-cascade,https://policies.ncdhhs.gov/wp-content/uploads/Appendix-2-PATH-NC-Child-Placement-and-Payment-Information-CPPI-Manual-April-2026.pdf,policies.ncdhhs.gov,2026-06-25,c3b68556416c29590fde63f49a2f42029f1d245ac51e4db8832bad7bdecc2b44
048f782366753ed5,appendix-3-1-child-welfare-funding-overview-1.pdf,Appendix 3 1 Child Welfare Funding Overview 1,NCDHHS Forms,manual,case_planning,social_worker,,,4,1532,local-cascade,https://policies.ncdhhs.gov/wp-content/uploads/appendix-3-1-child-welfare-funding-overview-1.pdf,policies.ncdhhs.gov,2026-06-25,d96e7dcd21e36b6535bf27d87a204497add5f82c59e6efd6aa85a75bcbe3603f
c265f6296ed8522b,appendix-3-2-child-welfare-funding-2.pdf,Appendix 3 2 Child Welfare Funding 2,NCDHHS Forms,manual,intake,social_worker,,,18,6940,local-cascade,https://policies.ncdhhs.gov/wp-content/uploads/appendix-3-2-child-welfare-funding-2.pdf,policies.ncdhhs.gov,2026-06-25,1d3f6c7a9ce5a64d0808225d8e4c3cd55226ad49d28fc42e9c23b8e9c8bd8cd5
a9b70401766cea67,appendix-3-3-prevention-services-funding.pdf,Appendix 3 3 Prevention Services Funding,NCDHHS Forms,manual,intake,social_worker,,,8,2552,local-cascade,https://policies.ncdhhs.gov/wp-content/uploads/appendix-3-3-prevention-services-funding.pdf,policies.ncdhhs.gov,2026-06-25,ccfc268eb68796f92112243ff7156a69f3ecdc744c9c1573f4505ff938e34975
7d88ae546e8f6074,appendix-3-4-child-protective-services-funding.pdf,Appendix 3 4 Child Protective Services Funding,NCDHHS Forms,manual,intake,social_worker,,,15,6014,local-cascade,https://policies.ncdhhs.gov/wp-content/uploads/appendix-3-4-child-protective-services-funding.pdf,policies.ncdhhs.gov,2026-06-25,acfd36a02851a9b68ceff8d787eb70ef233a16f2edb1840c503bf11b25a97417
140166f605c67b8a,Appendix-3-6-Adoption-Assistance-Funding_7-2024.pdf,Appendix 3 6 Adoption Assistance Funding 7 2024,NCDHHS Forms,manual,adoption,court,,,30,12932,local-cascade,https://policies.ncdhhs.gov/wp-content/uploads/Appendix-3-6-Adoption-Assistance-Funding_7-2024.pdf,policies.ncdhhs.gov,2026-06-25,e1addf7486489538f8fc29933af9e17351b0c46aac3c7e03fb1d94ca9e0213b4
31bdabac0e498fc0,Appendix-3.5-Child-Welfare-Funding-Foster-Care-non-PATH-NC-May-2026.pdf,Appendix 3.5 Child Welfare Funding Foster Care Non Path Nc May 2026,NCDHHS Forms,manual,foster_care,social_worker,,,66,30181,local-cascade,https://policies.ncdhhs.gov/wp-content/uploads/Appendix-3.5-Child-Welfare-Funding-Foster-Care-non-PATH-NC-May-2026.pdf,policies.ncdhhs.gov,2026-06-25,d09f1c7b9bb31f5b3ee9bfb9277fba78a81eb303306164a8a3406de1b25603ae
bf1c3c301efbea1a,Appendix-3.7-KinGAP-GAP-Payments-April-2026.pdf,Appendix 3.7 Kingap Gap Payments April 2026,NCDHHS Forms,manual,kinship,social_worker,,,16,5860,local-cascade,https://policies.ncdhhs.gov/wp-content/uploads/Appendix-3.7-KinGAP-GAP-Payments-April-2026.pdf,policies.ncdhhs.gov,2026-06-25,71e013d89ab59d2b568e718cc8f91b7c1421485810e551ecd905f3968ccd5d00
3b41f8b6a6199df0,Appendix-4-Pregnancy-Services-01.14.2026.pdf,Appendix 4 Pregnancy Services 01.14.2026,NCDHHS Forms,other,intake,social_worker,,2026-01-14,27,11009,local-cascade,https://policies.ncdhhs.gov/wp-content/uploads/Appendix-4-Pregnancy-Services-01.14.2026.pdf,policies.ncdhhs.gov,2026-06-25,abed279cd7b3a84fb202ce5b22778be682284e8d5779c1e16850b3e124e5b274
6177b4e3765d8152,appendix-5-case-record.pdf,Appendix 5 Case Record,NCDHHS Forms,manual,intake,social_worker,,,12,4476,local-cascade,https://policies.ncdhhs.gov/wp-content/uploads/appendix-5-case-record.pdf,policies.ncdhhs.gov,2026-06-25,162a8b44f030c891176b1c0d37a51a2df53ee82b96cb0dc21a019803593dc5c5
d22c3844d1fce617,appendix-6-best-practice-for-social-worker-well-being.pdf,Appendix 6 Best Practice For Social Worker Well Being,NCDHHS Forms,guidance,intake,social_worker,,,9,3625,local-cascade,https://policies.ncdhhs.gov/wp-content/uploads/appendix-6-best-practice-for-social-worker-well-being.pdf,policies.ncdhhs.gov,2026-06-25,d40bfb8191463092110d1a7dd6f26c2553d7e8d1823dcbd71633c0588f827a7a
44cc10a41417d306,Applying_the_Reasonable_and_Prudent_Parent_Standard_Tool.pdf,Applying The Reasonable And Prudent Parent Standard Tool,NCDHHS Forms,other,case_planning,social_worker,,,1,328,local-cascade,https://policies.ncdhhs.gov/wp-content/uploads/Applying_the_Reasonable_and_Prudent_Parent_Standard_Tool.pdf,policies.ncdhhs.gov,2026-06-25,83a9948f5cd7bd383766d1615705a4bdaece681a480c996e356e8b8cf7a1e941
30bc8c1d9b79d2d5,Authentic-Youth-Engagement-Resource-Guide-April-2026.pdf,Authentic Youth Engagement,NCDHHS Forms,guidance,assessment,provider,,,3,836,local-cascade,https://policies.ncdhhs.gov/wp-content/uploads/Authentic-Youth-Engagement-Resource-Guide-April-2026.pdf,policies.ncdhhs.gov,2026-06-25,ddc6331046df935107f23da57d242858662ae56ef7643bce141e237b74343abd
be060f9c34285ff5,capp-referral-process.pdf,Capp Referral Process,NCDHHS Forms,other,assessment,provider,DSS-5401,,1,141,local-cascade,https://policies.ncdhhs.gov/wp-content/uploads/capp-referral-process.pdf,policies.ncdhhs.gov,2026-06-25,258abee3a7db44494d3682b728b3cc1c31bb2f02680f5046f7b86b21e76ac55c
33ea995391e80832,Child-Welfare-Resource-for-Unsafe-Discipline-Vs.-Physical-Abuse_02.21.25_FINAL.pdf,Child Welfare Resource For Unsafe Discipline Vs. Physical Abuse 02.21.25 Final,NCDHHS Forms,guidance,safety,court,,2025-02-21,1,1627,local-cascade,https://policies.ncdhhs.gov/wp-content/uploads/Child-Welfare-Resource-for-Unsafe-Discipline-Vs.-Physical-Abuse_02.21.25_FINAL.pdf,policies.ncdhhs.gov,2026-06-25,a3059f040ee6df0fd12d8576039ad3c88bc15516d365fe310155eaabbcb6a750
a7f8f28257ecc7bb,Child-Welfare-Resource-on-Perinatal-Substance-Use-Project_April2025.pdf,Child Welfare Resource On Perinatal Substance Use Project April2025,NCDHHS Forms,guidance,health,family,,,1,182,local-cascade,https://policies.ncdhhs.gov/wp-content/uploads/Child-Welfare-Resource-on-Perinatal-Substance-Use-Project_April2025.pdf,policies.ncdhhs.gov,2026-06-25,9855329fc4b836b843c4da28dab3b0cc2a4379707d73db84e5735893d7d3ece6
79f9bf6e802a4811,Child-Welfare-Resource_Near-Fatality-Tip-Sheet_03.06.25.pdf,Child Welfare Resource Near Fatality Tip Sheet 03.06.25,NCDHHS Forms,guidance,health,provider,,2025-03-06,1,388,local-cascade,https://policies.ncdhhs.gov/wp-content/uploads/Child-Welfare-Resource_Near-Fatality-Tip-Sheet_03.06.25.pdf,policies.ncdhhs.gov,2026-06-25,cbf370f6b6c9b47a81565d29d233de6afd78f34307382a3e20b1e9970d0d3444
46f96b239d6e3266,child-welfare-resources-for-substance-affected-infants-and-plan-of-safe-care.pdf,Child Welfare Resources For Substance Affected Infants And Plan Of Safe Care,NCDHHS Forms,guidance,intake,supervisor,,,7,5057,local-cascade,https://policies.ncdhhs.gov/wp-content/uploads/child-welfare-resources-for-substance-affected-infants-and-plan-of-safe-care.pdf,policies.ncdhhs.gov,2026-06-25,4c939880e7b66cca9f22c969be319f681ab5637d1596322367432a7f8bc78d4e
ca5e80d0b5d86b79,cmep-portal-instructions-for-social-workers-2.pdf,Cmep Portal Instructions For Social Workers 2,NCDHHS Forms,other,assessment,provider,,,1,538,local-cascade,https://policies.ncdhhs.gov/wp-content/uploads/cmep-portal-instructions-for-social-workers-2.pdf,policies.ncdhhs.gov,2026-06-25,4fe040826f44d23362927d67267a82f6052b92179afef241fae7e67eb0c0c160
fc7c887a86a329bd,cn0804.pdf,Cn0804,NCDHHS Forms,manual,intake,supervisor,,,2,505,local-cascade,https://policies.ncdhhs.gov/wp-content/uploads/cn0804.pdf,policies.ncdhhs.gov,2026-06-25,9317c0eb72014606d975f1a5ef29a14418e4ffe5a16025c59f6d326239a950f4
c7da072e263f6d08,cn_01_2008-1.pdf,Cn 01 2008 1,NCDHHS Forms,manual,foster_care,social_worker,,,1,380,local-cascade,https://policies.ncdhhs.gov/wp-content/uploads/cn_01_2008-1.pdf,policies.ncdhhs.gov,2026-06-25,2fc52d7f99e60263251aa353abba778b9ba6b7d9c05156ed898e642b1bccd72c
679f6489514f9e8c,cn_03_2009.pdf,Cn 03 2009,NCDHHS Forms,manual,foster_care,supervisor,,,1,347,local-cascade,https://policies.ncdhhs.gov/wp-content/uploads/cn_03_2009.pdf,policies.ncdhhs.gov,2026-06-25,027487dd1b0157fbcc7c81fee3653bc425c51036c04f9f50e01d37a75b9f4f57
186e398f8248759f,cn_0604.pdf,Cn 0604,NCDHHS Forms,manual,intake,supervisor,,,2,336,local-cascade,https://policies.ncdhhs.gov/wp-content/uploads/cn_0604.pdf,policies.ncdhhs.gov,2026-06-25,c7999adc9bf7f46ddd90ac7a9103e5407abb0dfa985c46e583c13e5bd975593a
7730c00b9f4aefe9,cndv090704.pdf,Cndv090704,NCDHHS Forms,manual,assessment,social_worker,,,2,426,local-cascade,https://policies.ncdhhs.gov/wp-content/uploads/cndv090704.pdf,policies.ncdhhs.gov,2026-06-25,04c2673c74eb3c5aa033c6dec4318a8524933070b607e5fd4d1c37665f691d85
c505cfb83c0035eb,COI-Escalation-to-NC-DHHS-Flow-Chart.pdf,County Conflicts,NCDHHS Forms,other,other,supervisor,,,1,294,local-cascade,https://policies.ncdhhs.gov/wp-content/uploads/COI-Escalation-to-NC-DHHS-Flow-Chart.pdf,policies.ncdhhs.gov,2026-06-25,1fa3b4b2cd3ae6edc304ba763e4ac9f91fa97102ecfcd878737697683bab1815
723f7762b92d5f99,Consumer-Credit-Reports-Resource-Guide-April-2026.pdf,Consumer Credit Reports,NCDHHS Forms,guidance,foster_care,court,,,4,1672,local-cascade,https://policies.ncdhhs.gov/wp-content/uploads/Consumer-Credit-Reports-Resource-Guide-April-2026.pdf,policies.ncdhhs.gov,2026-06-25,7e7b2535bf2706fb273a8628caadb0aa5a488a0b5e49938f251dba44f18f104f
113d5437ecb189e4,county-attestation_9-15-21.pdf,County Attestation 9 15 21,NCDHHS Forms,other,other,provider,,2021-09-15,2,2568,local-cascade,https://policies.ncdhhs.gov/wp-content/uploads/county-attestation_9-15-21.pdf,policies.ncdhhs.gov,2026-06-25,79bcca7223a0f37c098d79e9ca60e9918b2d7f2582e0cf92a72fb652f0bfd23f
b753d7a3eeddd68c,cpps-cn-03-2017.pdf,Cpps Cn 03 2017,NCDHHS Forms,manual,foster_care,social_worker,DSS-5094,,2,309,local-cascade,https://policies.ncdhhs.gov/wp-content/uploads/cpps-cn-03-2017.pdf,policies.ncdhhs.gov,2026-06-25,151d45835742019006caca87f349c5430a59782f629402c9e39ecae137e160a6
3a19b32405b5caad,cpps_cn0303.pdf,Cpps Cn0303,NCDHHS Forms,policy,assessment,court,DSS-5094,,3,1078,local-cascade,https://policies.ncdhhs.gov/wp-content/uploads/cpps_cn0303.pdf,policies.ncdhhs.gov,2026-06-25,b7fe68a165a0c4f202bb93f5fe355c5695d5d3d6bfea8595b5c0f7bad2ed7a93
42965d8308c642c3,cpps_cn0405.pdf,CHILD PLACEMENT AND PAYMENT SYSTEM,NCDHHS Forms,policy,foster_care,supervisor,,,2,566,local-cascade,https://policies.ncdhhs.gov/wp-content/uploads/cpps_cn0405.pdf,policies.ncdhhs.gov,2026-06-25,1bd0fcd002bf985d2683481031e87a07c4d52a570561a8b5fa0764adc223a87b
454af81c1a590d2d,cpps_cn0410.pdf,Cpps Cn0410,NCDHHS Forms,policy,assessment,supervisor,DSS-5094,,2,286,local-cascade,https://policies.ncdhhs.gov/wp-content/uploads/cpps_cn0410.pdf,policies.ncdhhs.gov,2026-06-25,9f2a93a79565f14e700ad64379f33a979e8fa7c4fb4da8a9d6f4b4f2c36ca434
e47a8bd4c53b2ac2,cpps_cn4.pdf,Cpps Cn4,NCDHHS Forms,policy,foster_care,supervisor,DSS-5094,,2,801,local-cascade,https://policies.ncdhhs.gov/wp-content/uploads/cpps_cn4.pdf,policies.ncdhhs.gov,2026-06-25,e1dfa979e9f014c54593f24426c16190828c326f25ee129b6dbb7fc5b6b74f03
1e71b0b735522302,cpps_cn_01-2007.pdf,Cpps Cn 01 2007,NCDHHS Forms,policy,assessment,supervisor,DSS-5094,,4,1019,local-cascade,https://policies.ncdhhs.gov/wp-content/uploads/cpps_cn_01-2007.pdf,policies.ncdhhs.gov,2026-06-25,2831b98eec2d0031fa0cc3c4ccd05d35a4858cf8c90bb3014fad01718d78fdd0
d821a49dfeb4d0bf,cpps_cn_01-2010.pdf,Cpps Cn 01 2010,NCDHHS Forms,policy,assessment,supervisor,DSS-5094,,2,383,local-cascade,https://policies.ncdhhs.gov/wp-content/uploads/cpps_cn_01-2010.pdf,policies.ncdhhs.gov,2026-06-25,057e1fb7475b6382dd228b0f686a42b13e457675b4d834b02067c8a1ea18f6a3
83597abbef0120bb,cpps_cn_01-2014.pdf,Cpps Cn 01 2014,NCDHHS Forms,policy,assessment,supervisor,DSS-5094,,2,290,local-cascade,https://policies.ncdhhs.gov/wp-content/uploads/cpps_cn_01-2014.pdf,policies.ncdhhs.gov,2026-06-25,d4d6204a2606ab06e232d78f979c27c0d7b0c1c98daa18c1b1b9b73edde60f25
38a0bd554f4e11ac,CPS-Administrative-Policies-Manual_9.30.25.pdf,CPS Administrative Policy,NCDHHS Forms,manual,intake,social_worker,,2025-09-30,12,6355,local-cascade,https://policies.ncdhhs.gov/wp-content/uploads/CPS-Administrative-Policies-Manual_9.30.25.pdf,policies.ncdhhs.gov,2026-06-25,4768d2ebabf6e72924619d681b9488701d02b09492a2c4007962bf6abc26c191
34a8fa4a28215485,cps_01_2004.pdf,Cps 01 2004,NCDHHS Forms,manual,intake,social_worker,,,2,380,local-cascade,https://policies.ncdhhs.gov/wp-content/uploads/cps_01_2004.pdf,policies.ncdhhs.gov,2026-06-25,73043f9e997e3537df2a2d0def16571b4a45f48349817b9a9272fe649202b4c8
bc800f845405ce0b,cps_cn0103.pdf,Cps Cn0103,NCDHHS Forms,policy,intake,supervisor,,,3,685,local-cascade,https://policies.ncdhhs.gov/wp-content/uploads/cps_cn0103.pdf,policies.ncdhhs.gov,2026-06-25,9419d668d5dc33da101cd7f43cfa86a7e9489dc7c18f66bfc29067eafe0d978b
84ac16508513baeb,cps_cn_01-2008.pdf,Cps Cn 01 2008,NCDHHS Forms,policy,intake,social_worker,,,2,429,local-cascade,https://policies.ncdhhs.gov/wp-content/uploads/cps_cn_01-2008.pdf,policies.ncdhhs.gov,2026-06-25,d2b54e3d44cf76c345454923508ff7f15f5629a53435e56c4eed52f8ab7d1711
e06d45f27b60e0ef,cps_cn_03-2008.pdf,Cps Cn 03 2008,NCDHHS Forms,policy,assessment,social_worker,,,1,389,local-cascade,https://policies.ncdhhs.gov/wp-content/uploads/cps_cn_03-2008.pdf,policies.ncdhhs.gov,2026-06-25,3875f7490e61e7fbeb7e1599c0b3b7ff1c4a4118bf9182097c20c83909a98635
64e51dcfd4b9514b,cps_cn_04-2008.pdf,Cps Cn 04 2008,NCDHHS Forms,policy,assessment,social_worker,,,2,337,local-cascade,https://policies.ncdhhs.gov/wp-content/uploads/cps_cn_04-2008.pdf,policies.ncdhhs.gov,2026-06-25,16eb73c0b8c8b27544ee6ac7b59b07429dc2ee333d4536d9e293308e70e8f210
c0ddb40c1a6d31e7,cps_cn_07-2007-1.pdf,Cps Cn 07 2007 1,NCDHHS Forms,policy,assessment,social_worker,,,2,609,local-cascade,https://policies.ncdhhs.gov/wp-content/uploads/cps_cn_07-2007-1.pdf,policies.ncdhhs.gov,2026-06-25,d051bbedd140c3c7843906297991fdf75ac69ba1585302b8b6f918ffc82356f2
ee9f0c48198b4380,cps_cn_07-2008.pdf,Cps Cn 07 2008,NCDHHS Forms,policy,foster_care,social_worker,,,2,386,local-cascade,https://policies.ncdhhs.gov/wp-content/uploads/cps_cn_07-2008.pdf,policies.ncdhhs.gov,2026-06-25,424c9a9ad5d0879665ed6734ccadab1aa0b87101aa2b8f4647d9d20a6e7904ff
34c476c9d46cebfe,cs1418_cn_3-2005.pdf,Cs1418 Cn 3 2005,NCDHHS Forms,policy,assessment,supervisor,,,2,586,local-cascade,https://policies.ncdhhs.gov/wp-content/uploads/cs1418_cn_3-2005.pdf,policies.ncdhhs.gov,2026-06-25,c2455f0f4995a2eed361c6c13233eac4e554e846923a03f8dbb8c1b4be116ee6
067f83ad64b06f9f,cs1426_cn_1_2006.pdf,Cs1426 Cn 1 2006,NCDHHS Forms,policy,intake,social_worker,,,4,938,local-cascade,https://policies.ncdhhs.gov/wp-content/uploads/cs1426_cn_1_2006.pdf,policies.ncdhhs.gov,2026-06-25,c02f76c652d0f2655b0e5e422b2c6a4533d46b26ac3fdc49edc5283252fab37a
f2d4598ceefaa574,cs1426_cn_4_2005.pdf,Cs1426 Cn 4 2005,NCDHHS Forms,policy,assessment,supervisor,DSS-5104,,2,333,local-cascade,https://policies.ncdhhs.gov/wp-content/uploads/cs1426_cn_4_2005.pdf,policies.ncdhhs.gov,2026-06-25,eeb091ea8aa10245297091d9a1e9831f4863cf80cf09078c8940d175c503f112
3238bf957ce53082,cs1427_cn_1-2006.pdf,Cs1427 Cn 1 2006,NCDHHS Forms,policy,assessment,social_worker,,,5,1438,local-cascade,https://policies.ncdhhs.gov/wp-content/uploads/cs1427_cn_1-2006.pdf,policies.ncdhhs.gov,2026-06-25,51cb4b39bd86b187385af9d993c24ee480cd29fcb9130e087870476a150e2b22
049e58ead250a23b,cs_al0102-1.pdf,Cs Al0102 1,NCDHHS Forms,policy,assessment,social_worker,,,3,749,local-cascade,https://policies.ncdhhs.gov/wp-content/uploads/cs_al0102-1.pdf,policies.ncdhhs.gov,2026-06-25,d7651844d32d8dea9bd37385e87786653f1762b4c383b03ed908fb4ef16f7117
f5cb2dcd1960f374,cs_al0102a1.pdf,Cs Al0102A1,NCDHHS Forms,policy,assessment,social_worker,,,7,3206,local-cascade,https://policies.ncdhhs.gov/wp-content/uploads/cs_al0102a1.pdf,policies.ncdhhs.gov,2026-06-25,05ce9e3bd114b35eb61b851f620716bf1bff2d8fc0c8d26fc538791d2bb6ab1b
3313efcbe90908d1,cs_al0102a2.pdf,Cs Al0102A2,NCDHHS Forms,policy,assessment,social_worker,,,8,3375,local-cascade,https://policies.ncdhhs.gov/wp-content/uploads/cs_al0102a2.pdf,policies.ncdhhs.gov,2026-06-25,6bd7b516254608ef0e9d01d38b21c8f5ae5ecb5cfffb815a099c570d921b0a86
a02815216912b762,cs_al0102a3.pdf,Cs Al0102A3,NCDHHS Forms,policy,assessment,social_worker,,,8,2700,local-cascade,https://policies.ncdhhs.gov/wp-content/uploads/cs_al0102a3.pdf,policies.ncdhhs.gov,2026-06-25,4c4c146f2bd4708f86ab5196ab1408f604fee26080e4f773e21b2b5bcb9b5496
26b98e1bb639f588,cs_al0102a4.pdf,Cs Al0102A4,NCDHHS Forms,policy,assessment,social_worker,,,5,837,local-cascade,https://policies.ncdhhs.gov/wp-content/uploads/cs_al0102a4.pdf,policies.ncdhhs.gov,2026-06-25,4e1a0ec89c9eff73728bfc8f12fb374b4b8826c5f58436afc9df9ca588d7f6d4
abe27f02c29ce88b,cs_al0102a5.pdf,Cs Al0102A5,NCDHHS Forms,policy,assessment,social_worker,,,6,2211,local-cascade,https://policies.ncdhhs.gov/wp-content/uploads/cs_al0102a5.pdf,policies.ncdhhs.gov,2026-06-25,cbb2acafe4d8b8fe6d2ddbab0f51842228b2bccd6a7530dcc76e2883e1d9b696
478859abd3d92979,cs_al0102a6.pdf,Cs Al0102A6,NCDHHS Forms,policy,assessment,social_worker,,,8,1995,local-cascade,https://policies.ncdhhs.gov/wp-content/uploads/cs_al0102a6.pdf,policies.ncdhhs.gov,2026-06-25,a49455c17f8fd7aaa446f6edf6b8ce1eaf0762111715590cec2f1e52f8506de7
bb41a679c85efca0,cs_al0404.pdf,Family Support and Child Welfare Administrative,NCDHHS Forms,policy,health,supervisor,,,4,897,local-cascade,https://policies.ncdhhs.gov/wp-content/uploads/cs_al0404.pdf,policies.ncdhhs.gov,2026-06-25,519ecba7f0d9c028e06b915c67a621c323c91f130316097c1da6c7aa6a788d25
2c08dec14bfc96e3,cs_al0501.pdf,Cs Al0501,NCDHHS Forms,policy,foster_care,social_worker,DSS-1789,,2,317,local-cascade,https://policies.ncdhhs.gov/wp-content/uploads/cs_al0501.pdf,policies.ncdhhs.gov,2026-06-25,a0b9769a82a479c00a2d18204144c5d0c764aaad28a3a18e042e25067c4890b4
60ece7db1f53e3ce,cs_al0602-1.pdf,Cs Al0602 1,NCDHHS Forms,policy,foster_care,supervisor,,,2,336,local-cascade,https://policies.ncdhhs.gov/wp-content/uploads/cs_al0602-1.pdf,policies.ncdhhs.gov,2026-06-25,6b27f22e8d3eae073ea1f2f02cdd58c7e6c6f73d9311fb58155998dd372ed93d
216708d1a618f70c,cs_al0602att-1.pdf,Cs Al0602Att 1,NCDHHS Forms,policy,case_planning,supervisor,,,2,640,local-cascade,https://policies.ncdhhs.gov/wp-content/uploads/cs_al0602att-1.pdf,policies.ncdhhs.gov,2026-06-25,98d2131880c4442b41ede1b714a9a51fcfb89107819730ac1fcb2f7c3383e671
00a64a2349c74cee,cs_al0702-1.pdf,Cs Al0702 1,NCDHHS Forms,policy,foster_care,social_worker,,,2,333,local-cascade,https://policies.ncdhhs.gov/wp-content/uploads/cs_al0702-1.pdf,policies.ncdhhs.gov,2026-06-25,cce8e8413cd3a3341a8008d4c72d549260a73ad1d4260c5142c2c589f4abb384
eb2c3eb5810ebd37,cs_al101-1.pdf,Cs Al101 1,NCDHHS Forms,policy,case_planning,social_worker,,,2,655,local-cascade,https://policies.ncdhhs.gov/wp-content/uploads/cs_al101-1.pdf,policies.ncdhhs.gov,2026-06-25,2f3cdb9e7c9f351310e35613e367f75ff9a60b278d02d7d4e0dccc55f339349d
df2bf9124ec42858,cs_al201_att.pdf,Cs Al201 Att,NCDHHS Forms,policy,assessment,social_worker,,,11,3937,local-cascade,https://policies.ncdhhs.gov/wp-content/uploads/cs_al201_att.pdf,policies.ncdhhs.gov,2026-06-25,3498974006a2e6044f826cb2909ec35c019c4bcde36dfabc9e2359110d88717c
df5368e3118b138d,cs_al202-2.pdf,Cs Al202 2,NCDHHS Forms,policy,assessment,social_worker,,,2,378,local-cascade,https://policies.ncdhhs.gov/wp-content/uploads/cs_al202-2.pdf,policies.ncdhhs.gov,2026-06-25,28a4e89a41abc95de13436227cf7c59ebd77799b2e583936b93aaf724ee64217
c3439f4ce56d5767,cs_al202a1.pdf,Cs Al202A1,NCDHHS Forms,policy,intake,social_worker,,04/1/02,25,8114,local-cascade,https://policies.ncdhhs.gov/wp-content/uploads/cs_al202a1.pdf,policies.ncdhhs.gov,2026-06-25,367b0c8f2f048956ac424249200d08e46cd5d7cf07ee157f5f3feb2470c9c7d5
384a14286618c30a,cs_al202a10.pdf,Cs Al202A10,NCDHHS Forms,policy,assessment,family,,04/1/02,1,122,local-cascade,https://policies.ncdhhs.gov/wp-content/uploads/cs_al202a10.pdf,policies.ncdhhs.gov,2026-06-25,93e99a21a5cfca8413d7500941d088acfa52fe91318481aea209fcb7892bfec2
73c35f49c72cce45,cs_al202a11.pdf,Cs Al202A11,NCDHHS Forms,policy,assessment,family,,04/1/02,1,109,local-cascade,https://policies.ncdhhs.gov/wp-content/uploads/cs_al202a11.pdf,policies.ncdhhs.gov,2026-06-25,bd0c1d0a2066dac7eea46f64b18c4486476933cd445fa86b5e6643f19fa16a01
bc8f3236a7636beb,cs_al202a2.pdf,Cs Al202A2,NCDHHS Forms,policy,assessment,social_worker,,,7,3155,local-cascade,https://policies.ncdhhs.gov/wp-content/uploads/cs_al202a2.pdf,policies.ncdhhs.gov,2026-06-25,8c965af5484dbec37b291ea2cfefa619eeeabf1e6470e95cae236e95f72ac26c
a53d35cf1c9b9cf0,cs_al202a3.pdf,Cs Al202A3,NCDHHS Forms,policy,assessment,social_worker,,,8,3367,local-cascade,https://policies.ncdhhs.gov/wp-content/uploads/cs_al202a3.pdf,policies.ncdhhs.gov,2026-06-25,7168387e3c4d0b92d40ce31614f5ee01d88d7fe8e641cf004d399b2060e3fe87
3abd26daf089f011,cs_al202a4.pdf,Cs Al202A4,NCDHHS Forms,policy,assessment,social_worker,,,8,2714,local-cascade,https://policies.ncdhhs.gov/wp-content/uploads/cs_al202a4.pdf,policies.ncdhhs.gov,2026-06-25,a4cbaa2d0af7c1b24553abcf2e799d772b154cbd3a8042ef0fb0428e2789f4aa
8c8a8deb47b05a53,cs_al202a5.pdf,Cs Al202A5,NCDHHS Forms,policy,assessment,social_worker,,,5,835,local-cascade,https://policies.ncdhhs.gov/wp-content/uploads/cs_al202a5.pdf,policies.ncdhhs.gov,2026-06-25,03f53f66668b81a70b2b342bdd2dd7b0949f61a79911bd0d52761fd60fed2c3d
8bbcba1dbecf8728,cs_al202a6.pdf,Cs Al202A6,NCDHHS Forms,policy,assessment,social_worker,,,6,2162,local-cascade,https://policies.ncdhhs.gov/wp-content/uploads/cs_al202a6.pdf,policies.ncdhhs.gov,2026-06-25,65c500324673e50e2138e97b56a3a150a450ae305dba53a3020bea6b1e5ee09e
9f4a7bf5a83372a4,cs_al202a7.pdf,Cs Al202A7,NCDHHS Forms,policy,assessment,social_worker,,,7,1854,local-cascade,https://policies.ncdhhs.gov/wp-content/uploads/cs_al202a7.pdf,policies.ncdhhs.gov,2026-06-25,1147fb4d79ff633d21b089abde7e3d719034754118d55879faf70248f588ba98
439b6ad0dcd74dbb,cs_al202a8.pdf,Cs Al202A8,NCDHHS Forms,policy,assessment,social_worker,,04/1/02,1,144,local-cascade,https://policies.ncdhhs.gov/wp-content/uploads/cs_al202a8.pdf,policies.ncdhhs.gov,2026-06-25,3b9755c0f140fea2fc073dbe16fadba9b4f4e9c7e1e4b09b0d51b5e0b2c63670
bf1026d7f25589d2,cs_al202a9.pdf,Cs Al202A9,NCDHHS Forms,policy,assessment,family,,04/1/02,1,123,local-cascade,https://policies.ncdhhs.gov/wp-content/uploads/cs_al202a9.pdf,policies.ncdhhs.gov,2026-06-25,53c2e9086538703aa97b2da504956e76b4d69a2c946d4c26911f1e4f982a7aa4
989f387fb1a0a08e,cs_al203.pdf,Cs Al203,NCDHHS Forms,policy,assessment,social_worker,,,9,3285,local-cascade,https://policies.ncdhhs.gov/wp-content/uploads/cs_al203.pdf,policies.ncdhhs.gov,2026-06-25,e3b5546073fb49fbc50c2a352124211ac0825bfe74f4ecaecb2e0ad6200161c4
8825b19246aa4f73,cs_al300-2.pdf,Cs Al300 2,NCDHHS Forms,policy,assessment,social_worker,,,4,1350,local-cascade,https://policies.ncdhhs.gov/wp-content/uploads/cs_al300-2.pdf,policies.ncdhhs.gov,2026-06-25,8c25e7d3d3484e1f8430632a9d03c6e20d8ae3a4cb74e6f6176f02eecac156b4
be1fdd7c54414bb4,cs_al302-1.pdf,Cs Al302 1,NCDHHS Forms,policy,assessment,social_worker,,,2,635,local-cascade,https://policies.ncdhhs.gov/wp-content/uploads/cs_al302-1.pdf,policies.ncdhhs.gov,2026-06-25,5d51f09fbbf72d4add8c60a094d6e16b193df0e01e9f68d9c140bbcc0d117724
9acce013071a5568,cs_al302a1-1.pdf,Cs Al302A1 1,NCDHHS Forms,policy,assessment,social_worker,,,3,1020,local-cascade,https://policies.ncdhhs.gov/wp-content/uploads/cs_al302a1-1.pdf,policies.ncdhhs.gov,2026-06-25,08c20c445fc127396045d5785ba1fdfbbc95e9bf6b482363102c8d50542edab0
579f00335e518b8a,cs_al402-1.pdf,Cs Al402 1,NCDHHS Forms,policy,assessment,social_worker,,,2,418,local-cascade,https://policies.ncdhhs.gov/wp-content/uploads/cs_al402-1.pdf,policies.ncdhhs.gov,2026-06-25,d4ba7595c3f5b8cfaf28c53eafe5488c2c521a2262cf4847d938450a6a4ed447
51ed063343638e9c,cs_cn2002.pdf,Cs Cn2002,NCDHHS Forms,policy,foster_care,supervisor,,,2,277,local-cascade,https://policies.ncdhhs.gov/wp-content/uploads/cs_cn2002.pdf,policies.ncdhhs.gov,2026-06-25,c8f868923c7831f487cd514c5f9e35a3fbcd890d71d001a16d0d9873156065e9
779fe7c4021048c6,cs_cn_01_2009.pdf,Cs Cn 01 2009,NCDHHS Forms,policy,administrative,social_worker,,,1,362,local-cascade,https://policies.ncdhhs.gov/wp-content/uploads/cs_cn_01_2009.pdf,policies.ncdhhs.gov,2026-06-25,5c4983cc8acadf50a8e81771d10112ec16b2ed6fd2a3fbdd0ddcc9c50a4743c4
860d19cdeb695a0a,cs_cn_02-2008.pdf,Cs Cn 02 2008,NCDHHS Forms,policy,assessment,supervisor,,,1,204,local-cascade,https://policies.ncdhhs.gov/wp-content/uploads/cs_cn_02-2008.pdf,policies.ncdhhs.gov,2026-06-25,efe5455358a3e71491044ffd9611bfbd80bfb4411cf8e0ff98e808d1f876fa2d
cac529e8bcc3bc7a,cs_cn_03-2006.pdf,Cs Cn 03 2006,NCDHHS Forms,policy,assessment,social_worker,,,2,527,local-cascade,https://policies.ncdhhs.gov/wp-content/uploads/cs_cn_03-2006.pdf,policies.ncdhhs.gov,2026-06-25,09938ae2282672e7c55e799fbcd0cba4324ca44a1a1832dac429c69dc11f17c5
ef5d1d0e435fce98,cs_cn_03-2007.pdf,Cs Cn 03 2007,NCDHHS Forms,policy,foster_care,supervisor,,,2,199,local-cascade,https://policies.ncdhhs.gov/wp-content/uploads/cs_cn_03-2007.pdf,policies.ncdhhs.gov,2026-06-25,025147d2c70b026009af00131aa2d8e73b6d45c42ae235e8700bb5896e9bbbcf
0220bd876d97e9a3,cs_cn_04-2007.pdf,Cs Cn 04 2007,NCDHHS Forms,policy,administrative,social_worker,,,2,221,local-cascade,https://policies.ncdhhs.gov/wp-content/uploads/cs_cn_04-2007.pdf,policies.ncdhhs.gov,2026-06-25,5eff1657a8605a12c05d6de7fd7e71abd2bd945bb3de17e5ee4342f859183f5b
b80967700f36b006,cs_cn_05-2007.pdf,Cs Cn 05 2007,NCDHHS Forms,policy,assessment,social_worker,DSS-5104,,2,420,local-cascade,https://policies.ncdhhs.gov/wp-content/uploads/cs_cn_05-2007.pdf,policies.ncdhhs.gov,2026-06-25,b87e90dd3c25a5ee67c6d886e691ad491beb92b55521590aab0e904f29614411
0343a32c8f22730f,cs_cn_05_2008.pdf,Cs Cn 05 2008,NCDHHS Forms,policy,intake,social_worker,,,3,924,local-cascade,https://policies.ncdhhs.gov/wp-content/uploads/cs_cn_05_2008.pdf,policies.ncdhhs.gov,2026-06-25,33be32ce5162f9077c96f400c6be985b82102bb813230873dcb97e9bfe3327ac
6bb6748119427888,cs_cn_06-2008.pdf,Cs Cn 06 2008,NCDHHS Forms,policy,assessment,social_worker,DSS-5297,,1,346,local-cascade,https://policies.ncdhhs.gov/wp-content/uploads/cs_cn_06-2008.pdf,policies.ncdhhs.gov,2026-06-25,f406f47e7079ef31fe1c7225b1f1896d1115ddee0944bd152994ab85b5f6d01f
8a19501f9961f7d4,cs_cn_08-2008.pdf,Cs Cn 08 2008,NCDHHS Forms,policy,case_planning,social_worker,,,2,689,local-cascade,https://policies.ncdhhs.gov/wp-content/uploads/cs_cn_08-2008.pdf,policies.ncdhhs.gov,2026-06-25,f015125ea06e4fae15420e28b3f5357b8b8988dc1214a8766104d467721e8f9d
f8c597beb58b30f1,cs_cn_09_2008.pdf,Cs Cn 09 2008,NCDHHS Forms,policy,administrative,social_worker,,,2,432,local-cascade,https://policies.ncdhhs.gov/wp-content/uploads/cs_cn_09_2008.pdf,policies.ncdhhs.gov,2026-06-25,b27406b83a920e02ec44cc9fdadee56503f58556801bfe5298c8e358cedc87d3
d05fb8821049ccbb,cs_cn_10_2008.pdf,Cs Cn 10 2008,NCDHHS Forms,policy,foster_care,social_worker,,,1,248,local-cascade,https://policies.ncdhhs.gov/wp-content/uploads/cs_cn_10_2008.pdf,policies.ncdhhs.gov,2026-06-25,7ebb40fbebe271ca1592d2bb6c592748ddb8b69b63a5651776ef8cf822d2221e
5021a3bac10f32cf,cs_cn_11_2008.pdf,Cs Cn 11 2008,NCDHHS Forms,policy,kinship,social_worker,,01-01-2005,1,325,local-cascade,https://policies.ncdhhs.gov/wp-content/uploads/cs_cn_11_2008.pdf,policies.ncdhhs.gov,2026-06-25,a2deb210723acd981375b2dce4089ef4363af00d3c36ff8c7a1d208b7036f040
c6dd52d874167a27,cscxii_cn_06-07.pdf,Cscxii Cn 06 07,NCDHHS Forms,policy,assessment,supervisor,DSS-5278,,1,292,local-cascade,https://policies.ncdhhs.gov/wp-content/uploads/cscxii_cn_06-07.pdf,policies.ncdhhs.gov,2026-06-25,7274bac1bf83c63af3c4e6b0857247aaa459549da28aabbd17aa15b2092c62c3
30cbfca1b1759363,cscxiii_cn_02_2007.pdf,Cscxiii Cn 02 2007,NCDHHS Forms,policy,foster_care,supervisor,,,2,444,local-cascade,https://policies.ncdhhs.gov/wp-content/uploads/cscxiii_cn_02_2007.pdf,policies.ncdhhs.gov,2026-06-25,a5f3870f4b131c95c510d9c9c9f88d8c9eaa51014af4751b1b73fe0575c5ef7b
52c187bd7ac67f07,cscxiii_cn_1_2006.pdf,Cscxiii Cn 1 2006,NCDHHS Forms,policy,foster_care,supervisor,DSS-5120,,2,270,local-cascade,https://policies.ncdhhs.gov/wp-content/uploads/cscxiii_cn_1_2006.pdf,policies.ncdhhs.gov,2026-06-25,36ddfb98f56c708c30dcf794d99c2408dfaca8a955f88054cb70a459e400111d
cef9198b728af0b5,css1201_cn1-2005_.pdf,Css1201 Cn1 2005,NCDHHS Forms,policy,foster_care,supervisor,,,2,271,local-cascade,https://policies.ncdhhs.gov/wp-content/uploads/css1201_cn1-2005_.pdf,policies.ncdhhs.gov,2026-06-25,e161bcbc5c01caae02dc186f1f95471b89162e23f3837c048bd3812e31eead12
12752aa5baac99ec,css1201_cn5_2005-1.pdf,Css1201 Cn5 2005 1,NCDHHS Forms,policy,foster_care,supervisor,,,2,208,local-cascade,https://policies.ncdhhs.gov/wp-content/uploads/css1201_cn5_2005-1.pdf,policies.ncdhhs.gov,2026-06-25,155f475434aa6ac020a9afad6c8cfc567a0aad013a23eb855caf8e96839c1ab4
359806183f9216f4,CW-PATH-NC-Technology-Usage-Manual-May-2025.pdf,Cw Path Nc Technology Usage Manual May 2025,NCDHHS Forms,manual,assessment,social_worker,,,2,2561,local-cascade,https://policies.ncdhhs.gov/wp-content/uploads/CW-PATH-NC-Technology-Usage-Manual-May-2025.pdf,policies.ncdhhs.gov,2026-06-25,0642489eb309941dc5b79dd7096e4c7a1ed0e4f559af19fc2271927db85e69ed
942ba086a84165c6,cws-al-01-13.pdf,Cws Al 01 13,NCDHHS Forms,policy,case_planning,supervisor,,,3,1266,local-cascade,https://policies.ncdhhs.gov/wp-content/uploads/cws-al-01-13.pdf,policies.ncdhhs.gov,2026-06-25,1e1d316764c5090dc606dac05deed2c8ffe76bbb8bf22f226c46e20fed52c6eb
b9fb38c7c90f7175,cws-al-01-14.pdf,Cws Al 01 14,NCDHHS Forms,policy,foster_care,social_worker,DSS-5268,,2,465,local-cascade,https://policies.ncdhhs.gov/wp-content/uploads/cws-al-01-14.pdf,policies.ncdhhs.gov,2026-06-25,5c11616355c27bb76c0d1c93558a5300f844e5da8a25c7f0a6d6c0bdd179f0ef
1833eeb8ca8ef826,cws-al-01-15a.pdf,Cws Al 01 15A,NCDHHS Forms,policy,foster_care,social_worker,,,10,3172,local-cascade,https://policies.ncdhhs.gov/wp-content/uploads/cws-al-01-15a.pdf,policies.ncdhhs.gov,2026-06-25,6bbdd6b8893307dd2df5da08d4ed8723640f109325606402b0d7b8aea3d51e9d
e5b4aa955cf9cf2f,cws-al-01-16.pdf,Cws Al 01 16,NCDHHS Forms,policy,foster_care,supervisor,,,2,879,local-cascade,https://policies.ncdhhs.gov/wp-content/uploads/cws-al-01-16.pdf,policies.ncdhhs.gov,2026-06-25,9d19df122598829b27c95f1eb580f1ae34242dddf7a865a50d90f7ef96b8f30c
8cacbbcb51ca3921,cws-al-01-2019.pdf,Cws Al 01 2019,NCDHHS Forms,policy,assessment,supervisor,,,2,812,local-cascade,https://policies.ncdhhs.gov/wp-content/uploads/cws-al-01-2019.pdf,policies.ncdhhs.gov,2026-06-25,99ddad59ce7180222bd6f589368b2383792a81bf656e87219a509a29b99522c6
3ed75b1e0c42875e,cws-al-02-13.pdf,Cws Al 02 13,NCDHHS Forms,policy,case_planning,supervisor,,,3,1433,local-cascade,https://policies.ncdhhs.gov/wp-content/uploads/cws-al-02-13.pdf,policies.ncdhhs.gov,2026-06-25,cb161b4802b1bbf3d5433631aec899998e6e443a92a61ddc4bea8fa133a00538
014cfb16f95a542b,cws-al-02-14.pdf,Cws Al 02 14,NCDHHS Forms,policy,intake,social_worker,,,3,1618,local-cascade,https://policies.ncdhhs.gov/wp-content/uploads/cws-al-02-14.pdf,policies.ncdhhs.gov,2026-06-25,ffe94d30c223c4e95e76a622b4d5d7a8c6ef97bfcf3644f148fb9427892a43a4
41edcf63855d7ba5,cws-al-02-16.pdf,Cws Al 02 16,NCDHHS Forms,policy,assessment,social_worker,,,3,1308,local-cascade,https://policies.ncdhhs.gov/wp-content/uploads/cws-al-02-16.pdf,policies.ncdhhs.gov,2026-06-25,6c85062d78de6ccfd65f51bcc2edcead11687b88aded43af64f1645f3ad9cd73
04dc3f01bc515eb3,cws-al-02-2015-1.pdf,Cws Al 02 2015 1,NCDHHS Forms,policy,intake,social_worker,,,3,1120,local-cascade,https://policies.ncdhhs.gov/wp-content/uploads/cws-al-02-2015-1.pdf,policies.ncdhhs.gov,2026-06-25,1c33a469a8c77b9bd07e9efed1a39c2f43dd00f6f6a1ec8c36fe9ce8adb80243
98d88d2f4f0a83e1,cws-al-03-13.pdf,Cws Al 03 13,NCDHHS Forms,policy,assessment,social_worker,,,16,8235,local-cascade,https://policies.ncdhhs.gov/wp-content/uploads/cws-al-03-13.pdf,policies.ncdhhs.gov,2026-06-25,4bd1efadf505f2bb60353fe26c2d9f49da2c426fd32f8c85ad50196dda656093
58628321f973563f,cws-al-03-16.pdf,Cws Al 03 16,NCDHHS Forms,policy,intake,social_worker,,,5,2469,local-cascade,https://policies.ncdhhs.gov/wp-content/uploads/cws-al-03-16.pdf,policies.ncdhhs.gov,2026-06-25,779d33d8f1c75de99efb836b868e6abdaddc6e4dcfd537e96e867f04256c7317
f696c96414c8f23e,cws-al-03-2015.pdf,Cws Al 03 2015,NCDHHS Forms,policy,intake,social_worker,,,2,797,local-cascade,https://policies.ncdhhs.gov/wp-content/uploads/cws-al-03-2015.pdf,policies.ncdhhs.gov,2026-06-25,b2036e546e898aca8253038f65ffad2309cb03bf0ccb6f59a38972d2cb82adca
a7069857520b3cef,cws-al-04-2015.pdf,Cws Al 04 2015,NCDHHS Forms,policy,intake,social_worker,,,11,6458,local-cascade,https://policies.ncdhhs.gov/wp-content/uploads/cws-al-04-2015.pdf,policies.ncdhhs.gov,2026-06-25,cee6267e4946d6a3b7aede2116e13ac8831a48ac6e60b78869d289352c874038
4201f4760d4c5d5f,cws-al-08-09a2.pdf,Cws Al 08 09A2,NCDHHS Forms,policy,assessment,social_worker,,,9,3447,local-cascade,https://policies.ncdhhs.gov/wp-content/uploads/cws-al-08-09a2.pdf,policies.ncdhhs.gov,2026-06-25,7242c34aaa1daa1f02b2e36ad8415e08c07cb1ee87b129f1c6ed3e25542ffb8f
3d690051555a64c0,cws-al-08-09a3.pdf,Cws Al 08 09A3,NCDHHS Forms,policy,assessment,social_worker,,,7,2355,local-cascade,https://policies.ncdhhs.gov/wp-content/uploads/cws-al-08-09a3.pdf,policies.ncdhhs.gov,2026-06-25,0cca51c935d82eda9e005f324b5a75ec812f69667a654158f0463079cf404670
4cf3e3d7e439c2fe,cws-al-08-09a4.pdf,Cws Al 08 09A4,NCDHHS Forms,policy,assessment,social_worker,,,7,2249,local-cascade,https://policies.ncdhhs.gov/wp-content/uploads/cws-al-08-09a4.pdf,policies.ncdhhs.gov,2026-06-25,252dc86db07cda487969a375c257982820d198c2ea24fd002afc498a6887e445
2177f37360749486,cws-al-08-09a5.pdf,Cws Al 08 09A5,NCDHHS Forms,policy,assessment,social_worker,,,8,3133,local-cascade,https://policies.ncdhhs.gov/wp-content/uploads/cws-al-08-09a5.pdf,policies.ncdhhs.gov,2026-06-25,a10430160806a706a8169e949d6e868baf9c8ebc50c53881330c7ca8c3123de9
cb64cb2cc730f52d,cws-al-08-09a6.pdf,Cws Al 08 09A6,NCDHHS Forms,policy,assessment,social_worker,,,6,1911,local-cascade,https://policies.ncdhhs.gov/wp-content/uploads/cws-al-08-09a6.pdf,policies.ncdhhs.gov,2026-06-25,9b0ab77c7bb3ed956ee37c5314526bbbd0be8c17d7e3b17cf5889310deaae7fe
7eaca0dd70e5e2cb,cws-al-08-09a7.pdf,Cws Al 08 09A7,NCDHHS Forms,policy,other,mixed,,,1,72,local-cascade,https://policies.ncdhhs.gov/wp-content/uploads/cws-al-08-09a7.pdf,policies.ncdhhs.gov,2026-06-25,0a023561d4b403b22f1287f7d66342318fd8ce6b1309b3fd7a0868cebe75b1e1
c056a3b3c1cc6780,cws-cn-01-2014.pdf,Cws Cn 01 2014,NCDHHS Forms,policy,foster_care,supervisor,DSS-5104A,,2,735,local-cascade,https://policies.ncdhhs.gov/wp-content/uploads/cws-cn-01-2014.pdf,policies.ncdhhs.gov,2026-06-25,5636ebff15b9d6872b86986083f4add9091b341caf60c211e7271d63314f72ef
c8be7367d0e209f7,cws-cn-01-2016.pdf,Cws Cn 01 2016,NCDHHS Forms,policy,intake,social_worker,,,2,664,local-cascade,https://policies.ncdhhs.gov/wp-content/uploads/cws-cn-01-2016.pdf,policies.ncdhhs.gov,2026-06-25,6d9fc7a5998e45e203d388c240db5ed3e96622c925413f61e96af852afe3db4f
7e6589c4e532ec60,cws-cn-01-2017.pdf,Cws Cn 01 2017,NCDHHS Forms,policy,assessment,social_worker,,,2,342,local-cascade,https://policies.ncdhhs.gov/wp-content/uploads/cws-cn-01-2017.pdf,policies.ncdhhs.gov,2026-06-25,da983ba8c85a6906a2b5b8d9c88a07cf89fd652d66da03d853ea7b6571a2f559
117802e4d52ad098,cws-cn-01-2020.pdf,CHANGE NOTICE,NCDHHS Forms,policy,intake,social_worker,DSS-1802,,2,217,local-cascade,https://policies.ncdhhs.gov/wp-content/uploads/cws-cn-01-2020.pdf,policies.ncdhhs.gov,2026-06-25,e18a5470d55b3e66cf73b253bdc9ebe0b73f83ebe07c46691b28097143a4bc60
a83de209633a9d85,cws-cn-01-2020a.pdf,Cws Cn 01 2020A,NCDHHS Forms,policy,intake,court,,,15,7947,local-cascade,https://policies.ncdhhs.gov/wp-content/uploads/cws-cn-01-2020a.pdf,policies.ncdhhs.gov,2026-06-25,9ff3aeaab4972f2e7167f893bc1e9e7524e9b86574fcf2809f6df4b7af7d5b80
6e8f220bd6b0117c,cws-cn-01-2024.pdf,Cws Cn 01 2024,NCDHHS Forms,policy,assessment,social_worker,DSS-5801,,2,315,local-cascade,https://policies.ncdhhs.gov/wp-content/uploads/cws-cn-01-2024.pdf,policies.ncdhhs.gov,2026-06-25,89d1e8b888f0686217813989f5999d5575e6d7f1ee6168b73fbd79982cf11443
673c4958624a6535,cws-cn-01-22.pdf,Cws Cn 01 22,NCDHHS Forms,policy,case_planning,social_worker,,,2,349,local-cascade,https://policies.ncdhhs.gov/wp-content/uploads/cws-cn-01-22.pdf,policies.ncdhhs.gov,2026-06-25,1d48552fed6cb7aa7483458d66d0eebfb80d7cea65ede838bf7d062cd501c1b4
80d0f0e15353c8a0,cws-cn-01-23.pdf,Cws Cn 01 23,NCDHHS Forms,policy,case_planning,social_worker,,,1,244,local-cascade,https://policies.ncdhhs.gov/wp-content/uploads/cws-cn-01-23.pdf,policies.ncdhhs.gov,2026-06-25,2938389887875a694b1b44588037913daad28146b1f60c61b094835303abb0a3
4750bb1f7d84094d,cws-cn-02-2015.pdf,Cws Cn 02 2015,NCDHHS Forms,policy,assessment,social_worker,,,10,4061,local-cascade,https://policies.ncdhhs.gov/wp-content/uploads/cws-cn-02-2015.pdf,policies.ncdhhs.gov,2026-06-25,1a051d0d68343840ae47924c810291c39a476631506332fd138e383a5404921e
5334724b3d8f333f,cws-cn-02-2016.pdf,Cws Cn 02 2016,NCDHHS Forms,policy,intake,provider,,,2,544,local-cascade,https://policies.ncdhhs.gov/wp-content/uploads/cws-cn-02-2016.pdf,policies.ncdhhs.gov,2026-06-25,7aadbbc04ecc8a8e28c12ef9dd809b72d4144fa7ba75b135e499b6798787f73a
540adb2ed767bb03,cws-cn-02-2017.pdf,Cws Cn 02 2017,NCDHHS Forms,policy,foster_care,social_worker,DSS-5094,,3,915,local-cascade,https://policies.ncdhhs.gov/wp-content/uploads/cws-cn-02-2017.pdf,policies.ncdhhs.gov,2026-06-25,0a4f9b313389111a27568063a643fe238affe0c4503aa46e90c8d6b1dae77993
21f81737a6c90e2c,cws-cn-02-2018-1.pdf,a. □,NCDHHS Forms,policy,assessment,social_worker,,,47,23333,local-cascade,https://policies.ncdhhs.gov/wp-content/uploads/cws-cn-02-2018-1.pdf,policies.ncdhhs.gov,2026-06-25,16045d623ac620a3f79ea1310a55e7c45bf672da858ccef66c3eeb3310e6c5e8
c7c0b2c195cae323,cws-cn-02-22.pdf,Cws Cn 02 22,NCDHHS Forms,policy,case_planning,social_worker,,,2,349,local-cascade,https://policies.ncdhhs.gov/wp-content/uploads/cws-cn-02-22.pdf,policies.ncdhhs.gov,2026-06-25,c03e9eeec61fa5f91ee040f8fb31f50ba10a042cec149fd257ddc5037a860db5
f0b13869232eff55,cws-cn-02-23.pdf,Cws Cn 02 23,NCDHHS Forms,policy,case_planning,social_worker,,,1,213,local-cascade,https://policies.ncdhhs.gov/wp-content/uploads/cws-cn-02-23.pdf,policies.ncdhhs.gov,2026-06-25,6e6836f198b48c6ca023fb8b58fa8b936df6d452b0ae17ca99e30eda9eccc4e3
6545b59ad9678343,cws-cn-03-2016.pdf,Cws Cn 03 2016,NCDHHS Forms,policy,assessment,social_worker,DSS-5231,,2,759,local-cascade,https://policies.ncdhhs.gov/wp-content/uploads/cws-cn-03-2016.pdf,policies.ncdhhs.gov,2026-06-25,8d38658300c5451338d8f30403cbabfc13eb7769e9389f8d2cee6ceac0a1c76c
c40d76e6f9016e6e,cws-cn-03-2017-1.pdf,Cws Cn 03 2017 1,NCDHHS Forms,policy,case_planning,social_worker,,,2,725,local-cascade,https://policies.ncdhhs.gov/wp-content/uploads/cws-cn-03-2017-1.pdf,policies.ncdhhs.gov,2026-06-25,9903793e8a8d41a7199bbbd00bdec749435bd6a6c0771912f838463eecc1b0c0
cc980a0e297ea0d9,cws-cn-03-2018.pdf,Cws Cn 03 2018,NCDHHS Forms,policy,foster_care,social_worker,DSS-5096A,,5,888,local-cascade,https://policies.ncdhhs.gov/wp-content/uploads/cws-cn-03-2018.pdf,policies.ncdhhs.gov,2026-06-25,353847216bcbd96e28436491dd693850a7fa0078df6cc49e3a268fe9a87498a4
1d587d8d4c7c7809,cws-cn-03-22.pdf,Cws Cn 03 22,NCDHHS Forms,policy,case_planning,social_worker,DSS-6190,,2,311,local-cascade,https://policies.ncdhhs.gov/wp-content/uploads/cws-cn-03-22.pdf,policies.ncdhhs.gov,2026-06-25,d271acdec5eb56a2e40f7f8e0695d74050a20b358de7edcdb9d98a3cbc931238
25a1862a34bd2f02,cws-cn-04-2014.pdf,Cws Cn 04 2014,NCDHHS Forms,policy,foster_care,supervisor,,,2,331,local-cascade,https://policies.ncdhhs.gov/wp-content/uploads/cws-cn-04-2014.pdf,policies.ncdhhs.gov,2026-06-25,db1dd71e2e7d269a61d091379f84eba72f23e7796b78781a74b07a5655f57da7
0879123f67325ff9,cws-cn-04-2016.pdf,Cws Cn 04 2016,NCDHHS Forms,policy,assessment,social_worker,,,2,828,local-cascade,https://policies.ncdhhs.gov/wp-content/uploads/cws-cn-04-2016.pdf,policies.ncdhhs.gov,2026-06-25,0421943fd5289d7ff8120049b1a518bd43f4b43c9d42231965700bc46dacefe3
b1fd6a4c9d82d37b,cws-cn-04-2017.pdf,Cws Cn 04 2017,NCDHHS Forms,policy,case_planning,social_worker,,,2,555,local-cascade,https://policies.ncdhhs.gov/wp-content/uploads/cws-cn-04-2017.pdf,policies.ncdhhs.gov,2026-06-25,a8becbf8894cbc285fa6363ce1030667d2a3d51f223129582661c48aa225531d
0fe29121bee0f931,cws-cn-04-22-1.pdf,Cws Cn 04 22 1,NCDHHS Forms,policy,intake,social_worker,DSS-5206,,2,287,local-cascade,https://policies.ncdhhs.gov/wp-content/uploads/cws-cn-04-22-1.pdf,policies.ncdhhs.gov,2026-06-25,be0eadd6de7d98cd89b01aef17fd8179e13d1f6145ab5931df5a434299e9ea3f
e6a480028ed307f5,cws-cn-04-23.pdf,Cws Cn 04 23,NCDHHS Forms,policy,case_planning,social_worker,,,1,196,local-cascade,https://policies.ncdhhs.gov/wp-content/uploads/cws-cn-04-23.pdf,policies.ncdhhs.gov,2026-06-25,d002dcb938005c716963b60a5c59b2e74f74e469a298a877619530c62ce69063
00158e11c7ea9bd9,cws-cn-05-2016.pdf,Cws Cn 05 2016,NCDHHS Forms,policy,administrative,social_worker,,,2,338,local-cascade,https://policies.ncdhhs.gov/wp-content/uploads/cws-cn-05-2016.pdf,policies.ncdhhs.gov,2026-06-25,e8c3d8c2ae6d89666a97c9bd0f7729137e9272eae34df82c2b589904f719dfe2
82403a18f69e9809,cws-cn-05-2018.pdf,Cws Cn 05 2018,NCDHHS Forms,policy,intake,social_worker,,,3,866,local-cascade,https://policies.ncdhhs.gov/wp-content/uploads/cws-cn-05-2018.pdf,policies.ncdhhs.gov,2026-06-25,659f09db679d4f36d3f2abdf29214577946b80e598741f3b701666d34036d870
911b2f5f40a585b9,cws-cn-05-2021.pdf,Carla McNeill,NCDHHS Forms,policy,case_planning,social_worker,,,2,499,local-cascade,https://policies.ncdhhs.gov/wp-content/uploads/cws-cn-05-2021.pdf,policies.ncdhhs.gov,2026-06-25,261a336e40214eb27ca2e5af28e6fc273d4d37d8d1653e3b59a6cbe29641c4e2
7db3a9b3b5b20a92,cws-cn-05-2021a1.pdf,INTERSTATE/INTERCOUNTRY SERVICES,NCDHHS Forms,policy,intake,social_worker,,,87,39123,local-cascade,https://policies.ncdhhs.gov/wp-content/uploads/cws-cn-05-2021a1.pdf,policies.ncdhhs.gov,2026-06-25,d45a93362c01d0723e22b6d6b0dd6d56e2dd54e55b359cbaa919482ccd505339
19fc0d187a3b81b7,cws-cn-06-2017.pdf,Cws Cn 06 2017,NCDHHS Forms,policy,intake,social_worker,,,2,819,local-cascade,https://policies.ncdhhs.gov/wp-content/uploads/cws-cn-06-2017.pdf,policies.ncdhhs.gov,2026-06-25,1aae850710bd295229da6387438ac30e5f94890759968c844e22352f7cc000a4
cad93863fb62f693,cws-cn-06-2018.pdf,Cws Cn 06 2018,NCDHHS Forms,policy,safety,social_worker,DSS-5104,,1,261,local-cascade,https://policies.ncdhhs.gov/wp-content/uploads/cws-cn-06-2018.pdf,policies.ncdhhs.gov,2026-06-25,268c0a0788984d132407a6c945a5cf2db13438be48d02b816bf62f1c670559e2
3616b8330c4e8d4d,cws-cn-06-2021.pdf,Cws Cn 06 2021,NCDHHS Forms,policy,case_planning,social_worker,DSS-5094,,2,493,local-cascade,https://policies.ncdhhs.gov/wp-content/uploads/cws-cn-06-2021.pdf,policies.ncdhhs.gov,2026-06-25,ee75bea390d9d17385baa73f140ab2b4e52b76185e8a47b2506a79fb7133a103
5376b620add28f14,cws-cn-06-2021a1-1.pdf,Cws Cn 06 2021A1 1,NCDHHS Forms,policy,intake,social_worker,,,63,29272,local-cascade,https://policies.ncdhhs.gov/wp-content/uploads/cws-cn-06-2021a1-1.pdf,policies.ncdhhs.gov,2026-06-25,8d92771c67f3f73f3470af7f72afd3dd3d31135502054c3c87b89ba0a8e5d103
86ce99050bc1679f,cws-cn-06-2021a2.pdf,Cws Cn 06 2021A2,NCDHHS Forms,policy,assessment,social_worker,,,60,19873,local-cascade,https://policies.ncdhhs.gov/wp-content/uploads/cws-cn-06-2021a2.pdf,policies.ncdhhs.gov,2026-06-25,031a52eb959dda73051a03ddfc76f2fb0db3a9087d4712769d483e8e729d38a0
0919a7b2cac3e6a3,cws-cn-07-2013.pdf,Cws Cn 07 2013,NCDHHS Forms,policy,administrative,provider,,,2,225,local-cascade,https://policies.ncdhhs.gov/wp-content/uploads/cws-cn-07-2013.pdf,policies.ncdhhs.gov,2026-06-25,44a177aaf5f5204b22ded51271b929ea9265ae9408baec24947df11a571bb171
106083623f7fc57b,cws-cn-07-2017.pdf,Cws Cn 07 2017,NCDHHS Forms,policy,assessment,social_worker,,,2,669,local-cascade,https://policies.ncdhhs.gov/wp-content/uploads/cws-cn-07-2017.pdf,policies.ncdhhs.gov,2026-06-25,c512031f098e8cd766c5799a7ddbd0a01988938c1f89925bb3e572ba5c24e489
d293b9df66523484,cws-cn-08-2018.pdf,Cws Cn 08 2018,NCDHHS Forms,policy,adoption,social_worker,,,1,344,local-cascade,https://policies.ncdhhs.gov/wp-content/uploads/cws-cn-08-2018.pdf,policies.ncdhhs.gov,2026-06-25,c541487de1fdfdfe06a9224092d478814e8175b22e6624513e2f4b2abe688045
19ad1bfd8f70873a,cws-cn-12-2013.pdf,Cws Cn 12 2013,NCDHHS Forms,policy,foster_care,supervisor,DSS-5104A,,3,710,local-cascade,https://policies.ncdhhs.gov/wp-content/uploads/cws-cn-12-2013.pdf,policies.ncdhhs.gov,2026-06-25,20424d0ef2536b4f7bf549b8f18dc924102a42b04596ddec0790a6261996348c
ce1cb93f06610ba6,cws-cpps-cn-01-2017.pdf,Cws Cpps Cn 01 2017,NCDHHS Forms,manual,foster_care,supervisor,,,3,937,local-cascade,https://policies.ncdhhs.gov/wp-content/uploads/cws-cpps-cn-01-2017.pdf,policies.ncdhhs.gov,2026-06-25,0a31f16abe8b86717b46b0728e71d5bffb2fa3961be32d554e718ad735994e0a
dd76892e9b3d34e5,cws-fr-cn-05-2013-1.pdf,Cws Fr Cn 05 2013 1,NCDHHS Forms,manual,assessment,provider,,,2,383,local-cascade,https://policies.ncdhhs.gov/wp-content/uploads/cws-fr-cn-05-2013-1.pdf,policies.ncdhhs.gov,2026-06-25,4b5ee0348d653ea2b25a4570aa7fc4a3f8b4438e33228261bf542b3c3d98ecb2
715d70c25ea36068,cws_al-02-12.pdf,Cws Al 02 12,NCDHHS Forms,policy,intake,social_worker,DSS-5104,,2,782,local-cascade,https://policies.ncdhhs.gov/wp-content/uploads/cws_al-02-12.pdf,policies.ncdhhs.gov,2026-06-25,4e70a655c574edec3623d224058ee0e7b9584fc118bfa5fac9de7f0eaef21286
f4d9b02a0401adf6,cws_al-03-12.pdf,Cws Al 03 12,NCDHHS Forms,policy,foster_care,social_worker,DSS-5012,,2,768,local-cascade,https://policies.ncdhhs.gov/wp-content/uploads/cws_al-03-12.pdf,policies.ncdhhs.gov,2026-06-25,b8e643ec7be25cb6b1ec0dbb1b8346f34f53e0868dfda9c32acb687f0c29b71f
784736c3c3342754,cws_al-04-12.pdf,Cws Al 04 12,NCDHHS Forms,policy,assessment,social_worker,,,5,2321,local-cascade,https://policies.ncdhhs.gov/wp-content/uploads/cws_al-04-12.pdf,policies.ncdhhs.gov,2026-06-25,83bcbc463766501239668880b8e863ff9e869e1635f9345d9bc64e0e9cb4c0c3
2fce51b6f8e0d6a1,cws_al-05-12.pdf,Cws Al 05 12,NCDHHS Forms,policy,assessment,social_worker,,,3,1292,local-cascade,https://policies.ncdhhs.gov/wp-content/uploads/cws_al-05-12.pdf,policies.ncdhhs.gov,2026-06-25,c08e14d318f0796d6634a7b476a41049f80d8fc3a3a387c35a6d0f17d10ee0b4
3f5b3fe2f87f0b50,cws_al_01-12.pdf,Cws Al 01 12,NCDHHS Forms,policy,case_planning,social_worker,,,2,946,local-cascade,https://policies.ncdhhs.gov/wp-content/uploads/cws_al_01-12.pdf,policies.ncdhhs.gov,2026-06-25,8f047e83eb9aa6b59bb36ccb09afa04581a22a055a9d87a13e77b1e7dd97aba9
5a89358231e638cf,cws_al_01_09.pdf,Cws Al 01 09,NCDHHS Forms,policy,intake,social_worker,DSS-5104,,3,1383,local-cascade,https://policies.ncdhhs.gov/wp-content/uploads/cws_al_01_09.pdf,policies.ncdhhs.gov,2026-06-25,d7fae504e3a20c70325226a44a678291104d49f77c0121de63227e99eda78f11
3ac32c153a0f9ab2,cws_al_01_10-1.pdf,Cws Al 01 10 1,NCDHHS Forms,policy,assessment,social_worker,DSS-5230,,1,248,local-cascade,https://policies.ncdhhs.gov/wp-content/uploads/cws_al_01_10-1.pdf,policies.ncdhhs.gov,2026-06-25,305ec29c004b191087bf7981cb03b2e718878a65afdeef33ae6b20f8dbc52505
f67bdb3d55a70dc6,cws_al_01_11.pdf,Cws Al 01 11,NCDHHS Forms,policy,assessment,social_worker,DSS-5104A,,2,729,local-cascade,https://policies.ncdhhs.gov/wp-content/uploads/cws_al_01_11.pdf,policies.ncdhhs.gov,2026-06-25,48a402e7d14de8b22f97bdcdd6fbbaa62733b6bc4afc018182d31e651911bf9f
8ab99cace7c9c52e,cws_al_02-10-1.pdf,Cws Al 02 10 1,NCDHHS Forms,policy,foster_care,social_worker,,,1,454,local-cascade,https://policies.ncdhhs.gov/wp-content/uploads/cws_al_02-10-1.pdf,policies.ncdhhs.gov,2026-06-25,6a4dd09f15d95bc14ec8bd59eb074d72bf334d3dedbb4daa33d4cefab4443303
1a1ba0cbb3950e8a,cws_al_02-11.pdf,Cws Al 02 11,NCDHHS Forms,policy,administrative,social_worker,DSS-5120,,2,589,local-cascade,https://policies.ncdhhs.gov/wp-content/uploads/cws_al_02-11.pdf,policies.ncdhhs.gov,2026-06-25,8336b5b5b3da6b2e303f4a359ce16f5979f50b423906891d42b4ad21847dfeff
2a8d0f6dcb64e618,cws_al_02_09.pdf,Cws Al 02 09,NCDHHS Forms,policy,assessment,social_worker,,,5,2524,local-cascade,https://policies.ncdhhs.gov/wp-content/uploads/cws_al_02_09.pdf,policies.ncdhhs.gov,2026-06-25,62eced709caa4238ab57b2fba2ecfdaebf0c19ee9d72954989ce3c0fbf9704ed
d97b602a30947031,cws_al_03-11.pdf,Cws Al 03 11,NCDHHS Forms,policy,assessment,social_worker,DSS-5335,,2,572,local-cascade,https://policies.ncdhhs.gov/wp-content/uploads/cws_al_03-11.pdf,policies.ncdhhs.gov,2026-06-25,e732ac31bbecfd31100309c0017c0e55a2dd4d62abf0aa79a2088fad2efe80ab
cb16ad2d20b4458e,cws_al_03_09.pdf,Cws Al 03 09,NCDHHS Forms,policy,assessment,social_worker,,,3,1140,local-cascade,https://policies.ncdhhs.gov/wp-content/uploads/cws_al_03_09.pdf,policies.ncdhhs.gov,2026-06-25,510e716d9535c7cb6a4326da0059a331734d8b6fbd7ef26ae0858db35f218529
989c8c31021c080d,cws_al_04-11.pdf,Cws Al 04 11,NCDHHS Forms,policy,intake,social_worker,DSS-5104,,2,571,local-cascade,https://policies.ncdhhs.gov/wp-content/uploads/cws_al_04-11.pdf,policies.ncdhhs.gov,2026-06-25,a3958a5780dabf164facca79343b70a3998ea11f769279636045db14dbe169e8
d7de2294c48fbbb0,cws_al_04_09.pdf,Cws Al 04 09,NCDHHS Forms,policy,assessment,social_worker,,,2,597,local-cascade,https://policies.ncdhhs.gov/wp-content/uploads/cws_al_04_09.pdf,policies.ncdhhs.gov,2026-06-25,6cccacd84a967437b8db576c37010a70a0350a49b7b3fcbf4ab58b16410d630a
6fccc8681a2aae08,cws_al_04_09a.pdf,Cws Al 04 09A,NCDHHS Forms,policy,administrative,mixed,,,3,857,local-cascade,https://policies.ncdhhs.gov/wp-content/uploads/cws_al_04_09a.pdf,policies.ncdhhs.gov,2026-06-25,31da93f6299d83b2b6ec67bf6581be5ec45d1f9bc47f573a3e18b66e6ce0ae83
8bda66f22d71b4ba,cws_al_05-11.pdf,Cws Al 05 11,NCDHHS Forms,policy,assessment,social_worker,,,2,865,local-cascade,https://policies.ncdhhs.gov/wp-content/uploads/cws_al_05-11.pdf,policies.ncdhhs.gov,2026-06-25,d7e836b0be8d7229105afca44d74488ad5202228f24c5df1f2888c60afd11567
078f071af4ee2192,cws_al_05_09.pdf,Cws Al 05 09,NCDHHS Forms,policy,intake,social_worker,DSS-5104,,4,1362,local-cascade,https://policies.ncdhhs.gov/wp-content/uploads/cws_al_05_09.pdf,policies.ncdhhs.gov,2026-06-25,542554d43ea488e1324f38421c900dbaf9ed098799533a04b0a53859414b4904
f075b19f5430be8f,cws_al_06-11.pdf,Cws Al 06 11,NCDHHS Forms,policy,assessment,social_worker,,,4,1786,local-cascade,https://policies.ncdhhs.gov/wp-content/uploads/cws_al_06-11.pdf,policies.ncdhhs.gov,2026-06-25,b3122cbb3a2ea233bd4dac138f7ec17783df393ee48b22c49211c9e5c4180b86
90be051a7d8636fc,cws_al_06_09.pdf,Cws Al 06 09,NCDHHS Forms,policy,foster_care,social_worker,,,1,470,local-cascade,https://policies.ncdhhs.gov/wp-content/uploads/cws_al_06_09.pdf,policies.ncdhhs.gov,2026-06-25,60b0d5826dfa0c0524c990645e7ba1f25c27891846111710097923aa1b968bca
da27f9e3de428947,cws_al_07_09.pdf,Cws Al 07 09,NCDHHS Forms,policy,case_planning,social_worker,,,4,1799,local-cascade,https://policies.ncdhhs.gov/wp-content/uploads/cws_al_07_09.pdf,policies.ncdhhs.gov,2026-06-25,318396e24bd2b1ecabb1d21b9599d68c6809256b7bc89667665d25e3ee55adfc
bcc462703d6ffb00,cws_al_07_11.pdf,Cws Al 07 11,NCDHHS Forms,policy,foster_care,social_worker,,,2,593,local-cascade,https://policies.ncdhhs.gov/wp-content/uploads/cws_al_07_11.pdf,policies.ncdhhs.gov,2026-06-25,246b98c31383d3e04f41c3b2ee2a4571d8c4fa40f06dc78bc94ce712a299b8f8
8540121dd8b51c20,cws_al_08_09.pdf,Cws Al 08 09,NCDHHS Forms,policy,assessment,social_worker,,,2,672,local-cascade,https://policies.ncdhhs.gov/wp-content/uploads/cws_al_08_09.pdf,policies.ncdhhs.gov,2026-06-25,149853307c6b777c2598e08c5ea59713a50eb674c4fd063873d6411f667abe81
45f508b3699e4dfe,cws_al_40_10.pdf,Cws Al 40 10,NCDHHS Forms,policy,intake,social_worker,,,3,1573,local-cascade,https://policies.ncdhhs.gov/wp-content/uploads/cws_al_40_10.pdf,policies.ncdhhs.gov,2026-06-25,db9d9aca7c6d0ea844defb8814b02807dd06c3d910182679b68a3c59373b61f9
8da4a032d7353b35,cws_cn_01-2010.pdf,Cws Cn 01 2010,NCDHHS Forms,policy,court,social_worker,,,2,312,local-cascade,https://policies.ncdhhs.gov/wp-content/uploads/cws_cn_01-2010.pdf,policies.ncdhhs.gov,2026-06-25,b1345c92f28d9193cc1770705b7e5f26c9dd61883aa2e55ad04e80832de8b15d
8d730991007a75ab,cws_cn_01-2011.pdf,Cws Cn 01 2011,NCDHHS Forms,policy,foster_care,social_worker,DSS-5094,,2,459,local-cascade,https://policies.ncdhhs.gov/wp-content/uploads/cws_cn_01-2011.pdf,policies.ncdhhs.gov,2026-06-25,04664716fc4f6b84f15a6211e227d03d5fc62f6e4b83bd768f9c9a7c4cc76b8d
ff123ea4c4a4c2cf,cws_cn_02-2010.pdf,Cws Cn 02 2010,NCDHHS Forms,policy,case_planning,social_worker,DSS-5245,,2,427,local-cascade,https://policies.ncdhhs.gov/wp-content/uploads/cws_cn_02-2010.pdf,policies.ncdhhs.gov,2026-06-25,a25c995413acea6c293dc129750c620b425850bd00e4ee5a17e9dd3da4011dd5
ee4bfce17a98126b,cws_cn_02-2011.pdf,Cws Cn 02 2011,NCDHHS Forms,policy,foster_care,supervisor,DSS-510,,3,1034,local-cascade,https://policies.ncdhhs.gov/wp-content/uploads/cws_cn_02-2011.pdf,policies.ncdhhs.gov,2026-06-25,dba7be624f5a4a984aa4478c591c535baa33c11888b5133f8f7cbd4b776411db
b4fb62f44826e99b,cws_cn_02-2013.pdf,Cws Cn 02 2013,NCDHHS Forms,policy,assessment,supervisor,,,2,297,local-cascade,https://policies.ncdhhs.gov/wp-content/uploads/cws_cn_02-2013.pdf,policies.ncdhhs.gov,2026-06-25,7a86aad385dbcee470809119630c033c7ba7c32a9b0f18787237b4d30a5140fd
3e3f8f1f39e01c20,cws_cn_02_2009.pdf,Cws Cn 02 2009,NCDHHS Forms,policy,foster_care,social_worker,,,2,613,local-cascade,https://policies.ncdhhs.gov/wp-content/uploads/cws_cn_02_2009.pdf,policies.ncdhhs.gov,2026-06-25,b581c4ec023170735deb41ec06436f4078bfa705288c501e809b654d02a15a9c
569250494004a392,cws_cn_03-2010.pdf,Cws Cn 03 2010,NCDHHS Forms,policy,foster_care,social_worker,,,2,455,local-cascade,https://policies.ncdhhs.gov/wp-content/uploads/cws_cn_03-2010.pdf,policies.ncdhhs.gov,2026-06-25,34e8c89e3f52600de26a98e434cc1e97ed04b054fb4a67f16bd450b9e98cb0ec
3c6a291c6ca69994,cws_cn_03_2012.pdf,Cws Cn 03 2012,NCDHHS Forms,policy,foster_care,social_worker,DSS-5104,,1,293,local-cascade,https://policies.ncdhhs.gov/wp-content/uploads/cws_cn_03_2012.pdf,policies.ncdhhs.gov,2026-06-25,b707dba5c84c5accef371bc724ceaf8b47411317c609483124d27fc16d41e902
39c75f1d44196aa0,cws_cn_04-2009.pdf,Cws Cn 04 2009,NCDHHS Forms,policy,other,social_worker,,,2,349,local-cascade,https://policies.ncdhhs.gov/wp-content/uploads/cws_cn_04-2009.pdf,policies.ncdhhs.gov,2026-06-25,f3d45c3dc93f6fcc38147a776417edb7054ec46b9a09fcf9279a160bd6d9a98f
c3cd133544d55e5c,cws_cn_04-2010.pdf,Cws Cn 04 2010,NCDHHS Forms,policy,adoption,social_worker,,,2,351,local-cascade,https://policies.ncdhhs.gov/wp-content/uploads/cws_cn_04-2010.pdf,policies.ncdhhs.gov,2026-06-25,aa969741bce5273076a4b1e0c0f0d09c1afc44ad38f0a6389ea91a1327d9413f
d13009f95a10631e,cws_cn_04-2013.pdf,Cws Cn 04 2013,NCDHHS Forms,policy,foster_care,supervisor,,,3,370,local-cascade,https://policies.ncdhhs.gov/wp-content/uploads/cws_cn_04-2013.pdf,policies.ncdhhs.gov,2026-06-25,52b270118f351b4183286023d4705e423daba73fc6e2e18cc3cc2c2962b0139f
a0e85a31b26d7e72,cws_cn_04_2021.pdf,Cws Cn 04 2021,NCDHHS Forms,policy,case_planning,social_worker,DSS-5104,,2,381,local-cascade,https://policies.ncdhhs.gov/wp-content/uploads/cws_cn_04_2021.pdf,policies.ncdhhs.gov,2026-06-25,9656f2b660ff1c344dbbb3b527ebe5189d57bb2dfd5608753cfb27bce8275573
c10da381ef41b238,cws_cn_05-2010.pdf,Cws Cn 05 2010,NCDHHS Forms,policy,foster_care,social_worker,,,2,476,local-cascade,https://policies.ncdhhs.gov/wp-content/uploads/cws_cn_05-2010.pdf,policies.ncdhhs.gov,2026-06-25,3d6174ec8d31d2c61d3ad08a9f1efcdc2da520a57e04a39ab40fa0e4fbdf1337
6db079e60cdabe7e,cws_cn_06-2010.pdf,Cws Cn 06 2010,NCDHHS Forms,policy,adoption,supervisor,,,2,553,local-cascade,https://policies.ncdhhs.gov/wp-content/uploads/cws_cn_06-2010.pdf,policies.ncdhhs.gov,2026-06-25,13d583b23d490141a0eadc0b4a8a0cdf94894500e23bc1a204c39ca067b1c50b
2d31e3c41b49d7e4,cws_cn_07-2009.pdf,Cws Cn 07 2009,NCDHHS Forms,policy,assessment,social_worker,,,2,311,local-cascade,https://policies.ncdhhs.gov/wp-content/uploads/cws_cn_07-2009.pdf,policies.ncdhhs.gov,2026-06-25,6b3054dda77ef950b0faf9a988acbed3bc9e7c8073e111e6acff15f40b711209
398ea4c46af9104b,cws_cn_07-2010.pdf,Cws Cn 07 2010,NCDHHS Forms,policy,foster_care,social_worker,,,2,631,local-cascade,https://policies.ncdhhs.gov/wp-content/uploads/cws_cn_07-2010.pdf,policies.ncdhhs.gov,2026-06-25,e7819679075dc705c4ebebdef4b33f36e15b519e95b171e838f3abc33653bd3f
abb36d13c4dd3284,cws_cn_08-2009.pdf,Cws Cn 08 2009,NCDHHS Forms,policy,foster_care,social_worker,,,2,537,local-cascade,https://policies.ncdhhs.gov/wp-content/uploads/cws_cn_08-2009.pdf,policies.ncdhhs.gov,2026-06-25,38477e321d98e276023cc0abc71c15f976a905940144b80e5a618905e078b72d
564eda7087d71db6,cws_cn_09-2009.pdf,Cws Cn 09 2009,NCDHHS Forms,policy,foster_care,social_worker,,,2,526,local-cascade,https://policies.ncdhhs.gov/wp-content/uploads/cws_cn_09-2009.pdf,policies.ncdhhs.gov,2026-06-25,24842f06950af0d71c1831be47625fef847b9a7b1decfaea6c45bf73933040b7
bce80d82ad447cde,cws_cn_10-2009.pdf,Cws Cn 10 2009,NCDHHS Forms,policy,foster_care,social_worker,,,2,555,local-cascade,https://policies.ncdhhs.gov/wp-content/uploads/cws_cn_10-2009.pdf,policies.ncdhhs.gov,2026-06-25,5e6fa5eb8e9719a4e81e64dda22e76cbc6b590dbe5ad5fabb2abcc6b16183845
5be169a3935432bc,DHHS-AS-0001_APSIntake_Electronic.8.2024.docx,Dhhs As 0001 Apsintake Electronic.8.2024,NCDHHS Forms,form,intake,social_worker,DHHS-AS-0001,,1,1263,local-cascade,https://policies.ncdhhs.gov/wp-content/uploads/DHHS-AS-0001_APSIntake_Electronic.8.2024.docx,policies.ncdhhs.gov,2026-06-25,38e2ea3bed4c9900cc30f9932544eb530676b1db09c0bf9893395a654835d4ce
49eeab88d773cbbe,DHHS-AS-0002-Notice-to-Reporter-Elec-3.2024.docx,Dhhs As 0002 Notice To Reporter Elec 3.2024,NCDHHS Forms,form,assessment,social_worker,DHHS-AS-0002,,1,241,local-cascade,https://policies.ncdhhs.gov/wp-content/uploads/DHHS-AS-0002-Notice-to-Reporter-Elec-3.2024.docx,policies.ncdhhs.gov,2026-06-25,07ea280f53446dcc498f815e532ebb817459d49916a119db51b0a60a74bca2a9
19494b9be92b0d2c,DHHS-AS-0003_NoticetoAdministrator_Electronic-3.2024.docx,North Carolina Department of Health and Human Services,NCDHHS Forms,form,assessment,social_worker,DHHS-AS-0003,,1,129,local-cascade,https://policies.ncdhhs.gov/wp-content/uploads/DHHS-AS-0003_NoticetoAdministrator_Electronic-3.2024.docx,policies.ncdhhs.gov,2026-06-25,3cbbe06739aed574fadd3924541055408dd4fd4606ccc1c5cc0ace43c7df8e79
1b2de231101626ad,DHHS-AS-0004_NoticetoReporterCompletionofevaluation.3.2024.docx,Dhhs As 0004 Noticetoreportercompletionofevaluation.3.2024,NCDHHS Forms,form,assessment,social_worker,DHHS-AS-0004,,1,287,local-cascade,https://policies.ncdhhs.gov/wp-content/uploads/DHHS-AS-0004_NoticetoReporterCompletionofevaluation.3.2024.docx,policies.ncdhhs.gov,2026-06-25,664094f49a82027f3d88292f8d5982808a76eb14e58722f93122083cbd4a0c76
69d1a523bd986a8d,DHHS-AS-0005-Community-Evaluation-HW-2024.docx,Dhhs As 0005 Community Evaluation Hw 2024,NCDHHS Forms,form,assessment,social_worker,DHHS-AS-0005,,1,3605,local-cascade,https://policies.ncdhhs.gov/wp-content/uploads/DHHS-AS-0005-Community-Evaluation-HW-2024.docx,policies.ncdhhs.gov,2026-06-25,4eec6a94ec9c1ab2029a56877f5c128e30985acc1b82166a8801fc1e76b16482
ec1fc26817cae87e,DHHS-AS-0006_FacilityEvaluation_Electronic_03.2024.docx,Dhhs As 0006 Facilityevaluation Electronic 03.2024,NCDHHS Forms,form,assessment,social_worker,DHHS-AS-0006,,1,3629,local-cascade,https://policies.ncdhhs.gov/wp-content/uploads/DHHS-AS-0006_FacilityEvaluation_Electronic_03.2024.docx,policies.ncdhhs.gov,2026-06-25,fa1e55fd2e7c5f34cfc9f15c256487943e3b65e30ec584c12e7f1b1e7577b591
ae781ee5366cb466,DHHS-AS-0007_DiligentEfforts_Electronic_3.2024.docx,Dhhs As 0007 Diligentefforts Electronic 3.2024,NCDHHS Forms,form,health,social_worker,DHHS-AS-0007,,1,185,local-cascade,https://policies.ncdhhs.gov/wp-content/uploads/DHHS-AS-0007_DiligentEfforts_Electronic_3.2024.docx,policies.ncdhhs.gov,2026-06-25,748357b106aa3dd50a45577f4baf56be883c24203cc033072c8cf4b7740170f5
7dfe2b504e3ef62c,DHHS-AS-0007_DiligentEfforts_HW.03.2024.docx,North Carolina Department of Health and Human Services,NCDHHS Forms,form,health,social_worker,DHHS-AS-0007,,1,186,local-cascade,https://policies.ncdhhs.gov/wp-content/uploads/DHHS-AS-0007_DiligentEfforts_HW.03.2024.docx,policies.ncdhhs.gov,2026-06-25,fdba7ee96d8d9ddb2a1ee6e43804b7672f6331d0c60dce941ca5ae4e21c0f0a5
514930d6fcfbb51c,DHHS-AS-0008_InitialNoticetoDAorLE_Electronic_3-2024-1.docx,North Carolina Department of Health and Human Services,NCDHHS Forms,form,assessment,supervisor,DHHS-AS-0008,,1,399,local-cascade,https://policies.ncdhhs.gov/wp-content/uploads/DHHS-AS-0008_InitialNoticetoDAorLE_Electronic_3-2024-1.docx,policies.ncdhhs.gov,2026-06-25,59fe2b2dce0aadabdee10fcc60053f42c4cb716c7e797a39291ce39f79011813
9c97939b9db97ae4,DHHS-AS-0009-Written-Report-of-APS-Evaluation-HW-3.2024.docx,North Carolina Department of Health and Human Services,NCDHHS Forms,form,assessment,supervisor,DHHS-AS-0009,,1,341,local-cascade,https://policies.ncdhhs.gov/wp-content/uploads/DHHS-AS-0009-Written-Report-of-APS-Evaluation-HW-3.2024.docx,policies.ncdhhs.gov,2026-06-25,09e105784d5c40d8f805dce351019bd6291162da01598b1f95ad2be589139507
6794dd00fd21e112,DHHS-AS-0010_APSNoticeToFinancialCustomer_Electronic-3.2024.docx,North Carolina Department of Health and Human Services,NCDHHS Forms,form,other,social_worker,DHHS-AS-0010,,1,126,local-cascade,https://policies.ncdhhs.gov/wp-content/uploads/DHHS-AS-0010_APSNoticeToFinancialCustomer_Electronic-3.2024.docx,policies.ncdhhs.gov,2026-06-25,2f96de8b5e2b6264c06a4475fb043271524c052f42d0eeae07ceac831032817e
4a46451e674a53a4,DHHS-AS-0011-Adult-and-Family-Service-Plan-Electronic-3.2024-4.docx,Dhhs As 0011 Adult And Family Service Plan Electronic 3.2024 4,NCDHHS Forms,form,case_planning,social_worker,DHHS-AS-0011,,1,563,local-cascade,https://policies.ncdhhs.gov/wp-content/uploads/DHHS-AS-0011-Adult-and-Family-Service-Plan-Electronic-3.2024-4.docx,policies.ncdhhs.gov,2026-06-25,6f6ecdaa94aa6d4eae1e7cf7b7fecd59ab8ebf0e815ce79e116c5a564e05a99e
f9519f8bb784788f,DHHS-AS-0011_Service-Plan_Electronic-03.2024.docx,Dhhs As 0011 Service Plan Electronic 03.2024,NCDHHS Forms,form,case_planning,social_worker,DHHS-AS-0011,,1,563,local-cascade,https://policies.ncdhhs.gov/wp-content/uploads/DHHS-AS-0011_Service-Plan_Electronic-03.2024.docx,policies.ncdhhs.gov,2026-06-25,6f6ecdaa94aa6d4eae1e7cf7b7fecd59ab8ebf0e815ce79e116c5a564e05a99e
e7fa54f05f9b2956,DHHS-AS-0013-Determination-of-Ability-to-Consent-HW-3.2024.docx,North Carolina Department of Health and Human Services,NCDHHS Forms,form,assessment,social_worker,DHHS-AS-0013,,1,274,local-cascade,https://policies.ncdhhs.gov/wp-content/uploads/DHHS-AS-0013-Determination-of-Ability-to-Consent-HW-3.2024.docx,policies.ncdhhs.gov,2026-06-25,79c6e96e1a63d4149a4727f548696f2d221dcac1a58c50c97e7416b5a92bfa75
5b57a532364df608,DHHS-AS-0014-noticeofrequestforrecordsforAPSevaluation_Elec_2024.docx,Dhhs As 0014 Noticeofrequestforrecordsforapsevaluation Elec 2024,NCDHHS Forms,form,assessment,provider,DHHS-AS-0014,,1,265,local-cascade,https://policies.ncdhhs.gov/wp-content/uploads/DHHS-AS-0014-noticeofrequestforrecordsforAPSevaluation_Elec_2024.docx,policies.ncdhhs.gov,2026-06-25,b3108cc108176a4efa2de3c864859cfe3d0e63e578f3e3a44eed5a131b63d49a
9a0ab230b97759f4,DHHS-AS-0015-ConsentforFinancialRecords.Handwritten3.2024.docx,North Carolina Department of Health and Human Services,NCDHHS Forms,form,court,social_worker,DHHS-AS-0015,,1,345,local-cascade,https://policies.ncdhhs.gov/wp-content/uploads/DHHS-AS-0015-ConsentforFinancialRecords.Handwritten3.2024.docx,policies.ncdhhs.gov,2026-06-25,f01ed1fde8044196eac4bbb71c8a8dfed1f3859a464b1e2c27a6c76221b9c3da
b83fea9a58fce7a4,DHHS-AS-0016_ConsentforReleaseofInformation_handwritten.3.2024.docx,"If multiple parties and/or agencies will be receiving this information, specify each of the parties and/or agencies below.",NCDHHS Forms,form,assessment,provider,DHHS-AS-0016,,1,396,local-cascade,https://policies.ncdhhs.gov/wp-content/uploads/DHHS-AS-0016_ConsentforReleaseofInformation_handwritten.3.2024.docx,policies.ncdhhs.gov,2026-06-25,b27613f8a914808f3ad2c41e7394ff486fb97d4be7f1208520cce4b85075c61b
ff5f446d6f630fba,DHHS-AS-0020-Guardianship-Status-Report.HW-8.2024.docx,Dhhs As 0020 Guardianship Status Report.Hw 8.2024,NCDHHS Forms,form,assessment,court,DHHS-AS-0020,,1,2107,local-cascade,https://policies.ncdhhs.gov/wp-content/uploads/DHHS-AS-0020-Guardianship-Status-Report.HW-8.2024.docx,policies.ncdhhs.gov,2026-06-25,3a67451e41ef967bf264e3da596ab108006ddeb2534fd1e1011ea0c5701d0a62
c5181c8b90937685,DHHS-AS-6218-Adult-Services-IntakeInquiry-Elec-3-24.docx,Dhhs As 6218 Adult Services Intakeinquiry Elec 3 24,NCDHHS Forms,form,intake,social_worker,DHHS-AS-6218,,1,242,local-cascade,https://policies.ncdhhs.gov/wp-content/uploads/DHHS-AS-6218-Adult-Services-IntakeInquiry-Elec-3-24.docx,policies.ncdhhs.gov,2026-06-25,482d8b2e9415e9cd3f0627fe3bfcb6c660af58c69e7feb0bb2b0343a63233285
5c038a81361f974f,DHHS-AS-6218-Adult-Services-IntakeInquiry-HW-3-2024.docx,Dhhs As 6218 Adult Services Intakeinquiry Hw 3 2024,NCDHHS Forms,form,intake,social_worker,DHHS-AS-6218,,1,373,local-cascade,https://policies.ncdhhs.gov/wp-content/uploads/DHHS-AS-6218-Adult-Services-IntakeInquiry-HW-3-2024.docx,policies.ncdhhs.gov,2026-06-25,9b14e6d6f8e238d0a3ac42040e904b7e4f6cf9b9d9241eac3f1999a4fdbec544
634ded0aa8a8619f,DHHS-AS-6219-Adult-Services-Face-Sheet-Elec-3.2024.docx,Dhhs As 6219 Adult Services Face Sheet Elec 3.2024,NCDHHS Forms,form,health,social_worker,DHHS-AS-6219,,1,222,local-cascade,https://policies.ncdhhs.gov/wp-content/uploads/DHHS-AS-6219-Adult-Services-Face-Sheet-Elec-3.2024.docx,policies.ncdhhs.gov,2026-06-25,92c43b8519aee41a0c0c962c8188877552da6af70b31545419dd87092367646b
83207f96d4adbdd4,DHHS-AS-6219-Adult-Services-Face-Sheet-HW-3.2024.docx,Dhhs As 6219 Adult Services Face Sheet Hw 3.2024,NCDHHS Forms,form,health,social_worker,DHHS-AS-6219,,1,224,local-cascade,https://policies.ncdhhs.gov/wp-content/uploads/DHHS-AS-6219-Adult-Services-Face-Sheet-HW-3.2024.docx,policies.ncdhhs.gov,2026-06-25,b9e40032466a66d6884cdc1d960440c2b4c830e3cfaffd206497c5de7c55acca
cd6a2bf04e7e04ed,DHHS-AS-6222-Electronic-Adult-Services-Contact-Activity-Log-3.2024.docx,Dhhs As 6222 Electronic Adult Services Contact Activity Log 3.2024,NCDHHS Forms,form,other,mixed,DHHS-AS-6222,,1,34,local-cascade,https://policies.ncdhhs.gov/wp-content/uploads/DHHS-AS-6222-Electronic-Adult-Services-Contact-Activity-Log-3.2024.docx,policies.ncdhhs.gov,2026-06-25,2d946a539a8d9fa7c0f9e2ce87eddb3a91a57aa8d267390d3b3bed075c6b0f67
32157d370e26f83f,DHHS-AS-6222-HW-Adult-Services-ContactActivity-Log-3.2024.docx,Dhhs As 6222 Hw Adult Services Contactactivity Log 3.2024,NCDHHS Forms,form,other,mixed,DHHS-AS-6222,,1,36,local-cascade,https://policies.ncdhhs.gov/wp-content/uploads/DHHS-AS-6222-HW-Adult-Services-ContactActivity-Log-3.2024.docx,policies.ncdhhs.gov,2026-06-25,3b9c75a3c7f5ed51b0a5501723095fc3912193ba699917c4498eef66b38c455a
94abd7468fe167d3,DHHS-AS-6223-HW-Interim-or-QuarterlyReview.3.2024.docx,Dhhs As 6223 Hw Interim Or Quarterlyreview.3.2024,NCDHHS Forms,form,case_planning,social_worker,DHHS-AS-6223,,1,236,local-cascade,https://policies.ncdhhs.gov/wp-content/uploads/DHHS-AS-6223-HW-Interim-or-QuarterlyReview.3.2024.docx,policies.ncdhhs.gov,2026-06-25,49371a85056ddcd1ca76eb2653c6a35753b634dfac7fe2bc42ac1d2a17e0c14e
a539052127a3ada8,DHHS-AS-6224-Adult-Services-Annual-Assessment-Elec-3-2024.docx,Dhhs As 6224 Adult Services Annual Assessment Elec 3 2024,NCDHHS Forms,form,assessment,social_worker,DHHS-AS-6224,,1,1243,local-cascade,https://policies.ncdhhs.gov/wp-content/uploads/DHHS-AS-6224-Adult-Services-Annual-Assessment-Elec-3-2024.docx,policies.ncdhhs.gov,2026-06-25,f71403d7e7c472ac75878931df33c2d3419fbb8cf8c89789f8b27c5321041415
f083a1cac3ab50dd,DHHS-AS-6224-Adult-Services-Annual-Assessment-HW_3.2024.docx,Dhhs As 6224 Adult Services Annual Assessment Hw 3.2024,NCDHHS Forms,form,assessment,social_worker,DHHS-AS-6224,,1,1360,local-cascade,https://policies.ncdhhs.gov/wp-content/uploads/DHHS-AS-6224-Adult-Services-Annual-Assessment-HW_3.2024.docx,policies.ncdhhs.gov,2026-06-25,882e3b1d05533933d5fb6bcd6c19bb9aad4e5ea7f08e3a9244073311e00c234d
23317ae87944feca,DHHS-AS-6225_SAIH_Program_Assessment_Electronic.docx,Dhhs As 6225 Saih Program Assessment Electronic,NCDHHS Forms,form,assessment,social_worker,DHHS-AS-6225,,1,3026,local-cascade,https://policies.ncdhhs.gov/wp-content/uploads/DHHS-AS-6225_SAIH_Program_Assessment_Electronic.docx,policies.ncdhhs.gov,2026-06-25,27176388ee39d6503d9f5233158330332ffb66b8f07054d26e6f1d83a2a8d32a
8ba6cc182f7169f3,DHHS-AS-6226-Case-Closing-Summary-Elec-3-2025.docx,Dhhs As 6226 Case Closing Summary Elec 3 2025,NCDHHS Forms,form,assessment,social_worker,DHHS-AS-6226,,1,92,local-cascade,https://policies.ncdhhs.gov/wp-content/uploads/DHHS-AS-6226-Case-Closing-Summary-Elec-3-2025.docx,policies.ncdhhs.gov,2026-06-25,69a621cf5d620b0eb363e6ded633754dee4dc0745107e15eb837368bbc742dfb
dc626bba25e8a24e,DHHS-AS-6226-Case-Closing-Summary-HW-3-2025.docx,Dhhs As 6226 Case Closing Summary Hw 3 2025,NCDHHS Forms,form,assessment,social_worker,DHHS-AS-6226,,1,89,local-cascade,https://policies.ncdhhs.gov/wp-content/uploads/DHHS-AS-6226-Case-Closing-Summary-HW-3-2025.docx,policies.ncdhhs.gov,2026-06-25,79fb769cfa00f84b6d4398c3de859cd5fb36d00298eb8a1cff0ffe74d38b05f7
7d73884c1a692185,DSS-1888-KinGAP-GAP-Annual-Eligibility-Letter.pdf,Dss 1888 Kingap Gap Annual Eligibility Letter,NCDHHS Forms,form,kinship,social_worker,DSS-1888,,1,307,local-cascade,https://policies.ncdhhs.gov/wp-content/uploads/DSS-1888-KinGAP-GAP-Annual-Eligibility-Letter.pdf,policies.ncdhhs.gov,2026-06-25,e9f7bb8349fa09e60bac93aa0745889af6e595b2325f7c4755a89065567dcfd1
3e9359699f0940c9,dss-5010ins.pdf,Dss 5010Ins,NCDHHS Forms,other,intake,social_worker,DSS-5010I,,17,8920,local-cascade,https://policies.ncdhhs.gov/wp-content/uploads/dss-5010ins.pdf,policies.ncdhhs.gov,2026-06-25,b69cea183f27584c3a1e47704873b4eb287c27ab39c34c4b906c58a6c5918f03
c977fe21b52b335f,dss-5017-ia.pdf,Dss 5017 Ia,NCDHHS Forms,form,health,family,DSS-5017,,1,172,local-cascade,https://policies.ncdhhs.gov/wp-content/uploads/dss-5017-ia.pdf,policies.ncdhhs.gov,2026-06-25,ad012ba42fb3b59adfcced3bdc4cd236efe1a9a160fd90d071c1706ddb7db71d
358701c835c219fa,dss-5023-ia.pdf,Dss 5023 Ia,NCDHHS Forms,form,other,social_worker,DSS-5023,,1,1826,local-cascade,https://policies.ncdhhs.gov/wp-content/uploads/dss-5023-ia.pdf,policies.ncdhhs.gov,2026-06-25,7dc8864e45544c53573bc7e285412555a61e61b8b995eb58437a83ca40e064cd
2e8e4fbd8cf60be4,DSS-5025-Evidence-Based-Services-Plan-2026-INS.pdf,Dss 5025 Evidence Based Services Plan 2026 Ins,NCDHHS Forms,form,case_planning,social_worker,DSS-5025,,2,791,local-cascade,https://policies.ncdhhs.gov/wp-content/uploads/DSS-5025-Evidence-Based-Services-Plan-2026-INS.pdf,policies.ncdhhs.gov,2026-06-25,94c7da6a8bc13b33f8c3ad296e255bec0c4fd64ad58484da6eba83509fb8e5d1
028ccb161cf7c1c6,DSS-5025-Evidence-Based-Services-Plan-2026.pdf,Dss 5025 Evidence Based Services Plan 2026,NCDHHS Forms,form,case_planning,social_worker,DSS-5025,,3,714,local-cascade,https://policies.ncdhhs.gov/wp-content/uploads/DSS-5025-Evidence-Based-Services-Plan-2026.pdf,policies.ncdhhs.gov,2026-06-25,38dc19776f1be98d160db98afe8185e34666ae032b97165ab69ebe1746d17522
452ef3411a4c9c7c,dss-5030-ia.pdf,Dss 5030 Ia,NCDHHS Forms,form,adoption,provider,DSS-5030,,2,595,local-cascade,https://policies.ncdhhs.gov/wp-content/uploads/dss-5030-ia.pdf,policies.ncdhhs.gov,2026-06-25,4b5c48d0044cb1be64b00b9c7b6a3635d2c2acbf5caaa4473b6a50b365ff3d61
709adc74a12974e1,dss-5031-ia.pdf,Dss 5031 Ia,NCDHHS Forms,form,adoption,court,DSS-5031,,2,356,local-cascade,https://policies.ncdhhs.gov/wp-content/uploads/dss-5031-ia.pdf,policies.ncdhhs.gov,2026-06-25,c6bec7038609289b5df910d5aa270a3dda0ba9bd039d6474751c1d58f938ecdf
5e26bedfc9d8f6a2,dss-5032-ia.pdf,Dss 5032 Ia,NCDHHS Forms,form,other,provider,DSS-5032,,1,173,local-cascade,https://policies.ncdhhs.gov/wp-content/uploads/dss-5032-ia.pdf,policies.ncdhhs.gov,2026-06-25,12fda315d9aa34f849e1372ec4e3d6b9466c8dc32033f9346680c794e395a508
f1af3ac2153281cb,dss-5097-ia.pdf,Dss 5097 Ia,NCDHHS Forms,form,foster_care,social_worker,DSS-5097,,5,1616,local-cascade,https://policies.ncdhhs.gov/wp-content/uploads/dss-5097-ia.pdf,policies.ncdhhs.gov,2026-06-25,d6ad7d9d293d520dda75d5ca96bc35b364c731183ab13a05307d64c8b4a317f3
670fa0807407f2d3,dss-5098-ia.pdf,Dss 5098 Ia,NCDHHS Forms,form,assessment,social_worker,DSS-5098,,3,799,local-cascade,https://policies.ncdhhs.gov/wp-content/uploads/dss-5098-ia.pdf,policies.ncdhhs.gov,2026-06-25,fbf31ea41156040cd6b3f111ec22e87ec07699c5ebc6d2d208a932fb0173ba3f
91052eb9b37a5dc2,dss-5099-ia.pdf,"□ Licensed Foster Care Facility (family foster home, therapeutic foster home, group home, etc.)",NCDHHS Forms,form,assessment,social_worker,DSS-5099,,2,559,local-cascade,https://policies.ncdhhs.gov/wp-content/uploads/dss-5099-ia.pdf,policies.ncdhhs.gov,2026-06-25,ca25e452a7518c3eba1f4e2bbdcc534bf3bdbd406bd789d71d092fe8711f1c40
bbd9a664652fef28,dss-5100-ia.pdf,Dss 5100 Ia,NCDHHS Forms,form,assessment,social_worker,DSS-5100,,4,1195,local-cascade,https://policies.ncdhhs.gov/wp-content/uploads/dss-5100-ia.pdf,policies.ncdhhs.gov,2026-06-25,6e60a24849597fe5597a5046eedd1782642e014d58f83e045cac10150dc7e0fe
3342244df1306f30,dss-5102-ia.pdf,Dss 5102 Ia,NCDHHS Forms,form,foster_care,court,DSS-5102,,4,928,local-cascade,https://policies.ncdhhs.gov/wp-content/uploads/dss-5102-ia.pdf,policies.ncdhhs.gov,2026-06-25,917a085d0835b8ac8d9cff5edbf6101aede555be31a247e5850a0a5a34cc88e7
f6fc1c6f4e956bec,dss-5103-ia.pdf,Dss 5103 Ia,NCDHHS Forms,form,foster_care,court,DSS-5103,,5,1006,local-cascade,https://policies.ncdhhs.gov/wp-content/uploads/dss-5103-ia.pdf,policies.ncdhhs.gov,2026-06-25,0ae68dde7f8930b1af11521385b3204a724da5acaac234e55ca25ea76becd1b4
3a3636969371f4ef,dss-5105.docx,Dss 5105,NCDHHS Forms,form,kinship,court,DSS-5105,,1,583,local-cascade,https://policies.ncdhhs.gov/wp-content/uploads/dss-5105.docx,policies.ncdhhs.gov,2026-06-25,a1c6236ba434731dc4a39be950057412a26574755fccc7b8bfd4471e60859579
4d62417dee9413db,dss-5106-ia.pdf,North Carolina Multiple Response System Case Tracking Form,NCDHHS Forms,form,assessment,social_worker,DSS-5106,,1,357,local-cascade,https://policies.ncdhhs.gov/wp-content/uploads/dss-5106-ia.pdf,policies.ncdhhs.gov,2026-06-25,299ae2b812cb159b24b3312cbc8feb0d3209c5665109e2b922f46a32c7250af5
f21c44d613c03f31,dss-5112-ia.pdf,Dss 5112 Ia,NCDHHS Forms,form,adoption,provider,DSS-5112,,1,246,local-cascade,https://policies.ncdhhs.gov/wp-content/uploads/dss-5112-ia.pdf,policies.ncdhhs.gov,2026-06-25,5ea3cc35aa14d0126ee0e434dff7ab6407fb45cb5cbbd66d59a0e0f491209032
f8c017a18d943c4f,dss-5113-ia.pdf,Dss 5113 Ia,NCDHHS Forms,form,foster_care,provider,DSS-5113,,1,205,local-cascade,https://policies.ncdhhs.gov/wp-content/uploads/dss-5113-ia.pdf,policies.ncdhhs.gov,2026-06-25,00cdbb99e6b14045e5dc0642f34ae41d54d8b6e2673f4ad8c95ac57a0d890b1c
c7b636c7c04a42a7,dss-5115-ia.pdf,ADOPTION ASSISTANCE VENDOR,NCDHHS Forms,form,adoption,provider,DSS-5115,,1,922,local-cascade,https://policies.ncdhhs.gov/wp-content/uploads/dss-5115-ia.pdf,policies.ncdhhs.gov,2026-06-25,13f541bcaf9ecc386a6ea06c9e7a87a48a1da26c84259544f112da21654e9952
ad092760a5cdab91,dss-5118-ia.pdf,Dss 5118 Ia,NCDHHS Forms,form,adoption,court,DSS-5118,,1,282,local-cascade,https://policies.ncdhhs.gov/wp-content/uploads/dss-5118-ia.pdf,policies.ncdhhs.gov,2026-06-25,f242c9ffcf5705b4d0f928eae76ae89e19295e5fed68555f9fbc5b3bae621da9
59f30888b42bb6fd,dss-5145-ia.pdf,Dss 5145 Ia,NCDHHS Forms,form,foster_care,social_worker,DSS-5145,,2,5941,local-cascade,https://policies.ncdhhs.gov/wp-content/uploads/dss-5145-ia.pdf,policies.ncdhhs.gov,2026-06-25,1432dee52fdd0e496b623d6dfb26654c3075d63e7061a2ffda11cdddd2b588fa
355eb3c286871808,dss-5146-ia.pdf,Dss 5146 Ia,NCDHHS Forms,form,foster_care,court,DSS-5146,,1,742,local-cascade,https://policies.ncdhhs.gov/wp-content/uploads/dss-5146-ia.pdf,policies.ncdhhs.gov,2026-06-25,9c3db005611f0bb009f4b916bf9ea133b695f8839d79a27eb8796b7a0acb81d7
3a70d121209291d4,dss-5150-ia.pdf,Dss 5150 Ia,NCDHHS Forms,form,foster_care,social_worker,DSS-5150,,1,425,local-cascade,https://policies.ncdhhs.gov/wp-content/uploads/dss-5150-ia.pdf,policies.ncdhhs.gov,2026-06-25,8e4389dc7bf60ce437e7127a4328ed675cd363cd4c843ae3ad7e9d4a556ce84c
e21a804368c11fe7,dss-5156-ia.pdf,Dss 5156 Ia,NCDHHS Forms,form,assessment,provider,DSS-5156,,1,394,local-cascade,https://policies.ncdhhs.gov/wp-content/uploads/dss-5156-ia.pdf,policies.ncdhhs.gov,2026-06-25,c6b9643cc88a243c4b5b6c7ab57796b3262efb7c18bf8db02a5bae230f326cee
8278d36ab0b03da0,dss-5157-ia.pdf,Dss 5157 Ia,NCDHHS Forms,form,assessment,social_worker,DSS-5157,,5,2236,local-cascade,https://policies.ncdhhs.gov/wp-content/uploads/dss-5157-ia.pdf,policies.ncdhhs.gov,2026-06-25,eda41137cb7f03b3d500f6f8d838f493f7f8f9267c78074b031c22ff0e859ea7
73fee23200507c67,dss-5158-ia.pdf,Dss 5158 Ia,NCDHHS Forms,form,assessment,social_worker,DSS-5158,,2,1096,local-cascade,https://policies.ncdhhs.gov/wp-content/uploads/dss-5158-ia.pdf,policies.ncdhhs.gov,2026-06-25,27ac4e226c2a790c5a5815e05b3bb737db194a216d58970cf1ff2d0a1e7d0ecf
ffad6ba6bafb3aea,dss-5159-ia.pdf,Dss 5159 Ia,NCDHHS Forms,form,assessment,social_worker,DSS-5159,,4,2039,local-cascade,https://policies.ncdhhs.gov/wp-content/uploads/dss-5159-ia.pdf,policies.ncdhhs.gov,2026-06-25,31324eeff399b2581c3b3681f75efa727b4d8e0da7b1813ffa49dd41be45b5bb
d2fc4fc7658a7dc1,dss-5162-ia.pdf,Dss 5162 Ia,NCDHHS Forms,form,adoption,court,DSS-5162,,3,766,local-cascade,https://policies.ncdhhs.gov/wp-content/uploads/dss-5162-ia.pdf,policies.ncdhhs.gov,2026-06-25,6a3673517c8e1e5bed86e53a541a9021fcb6ab1ee08142c08f42aa6a26567bfd
b83978c93b73de91,dss-5163-ia.pdf,Dss 5163 Ia,NCDHHS Forms,form,adoption,court,DSS-5163,,2,596,local-cascade,https://policies.ncdhhs.gov/wp-content/uploads/dss-5163-ia.pdf,policies.ncdhhs.gov,2026-06-25,ac85554a93f798470e61009d2145bdb323eb38457c42862d7f18944c92c59cc5
61e691433fd500af,dss-5164-ia.pdf,Dss 5164 Ia,NCDHHS Forms,form,adoption,court,DSS-5164,,2,412,local-cascade,https://policies.ncdhhs.gov/wp-content/uploads/dss-5164-ia.pdf,policies.ncdhhs.gov,2026-06-25,9eba834a08d09666a5c514c7822f2d4ad87d83dd15aee092adde4ee195bc8916
8d0b22e082f53d16,dss-5165-ia.pdf,Dss 5165 Ia,NCDHHS Forms,form,adoption,court,DSS-5165,,2,401,local-cascade,https://policies.ncdhhs.gov/wp-content/uploads/dss-5165-ia.pdf,policies.ncdhhs.gov,2026-06-25,8629faabdb803f0cd13bf73d5fd0f6c36f87ddcb720d2b0f2dd463a72bb465bd
07fd77a0bb79715e,dss-5166-ia.pdf,Dss 5166 Ia,NCDHHS Forms,form,adoption,court,DSS-5166,,2,670,local-cascade,https://policies.ncdhhs.gov/wp-content/uploads/dss-5166-ia.pdf,policies.ncdhhs.gov,2026-06-25,8527c77de27926f4378d27cddd9e7dd51ed5dc505584923eb12460abccfd4975
702fc0cee1b568dc,dss-5167-ia.pdf,Dss 5167 Ia,NCDHHS Forms,form,adoption,court,DSS-5167,,2,571,local-cascade,https://policies.ncdhhs.gov/wp-content/uploads/dss-5167-ia.pdf,policies.ncdhhs.gov,2026-06-25,6a053456d0f5c7468376055ddebbc1e0ba9484331e8ee5b89f4c9a94322de644
5ae6807167365617,dss-5168-ia.pdf,Dss 5168 Ia,NCDHHS Forms,form,adoption,court,DSS-5168,,2,244,local-cascade,https://policies.ncdhhs.gov/wp-content/uploads/dss-5168-ia.pdf,policies.ncdhhs.gov,2026-06-25,5ed5d3b5e711ab7b451fc8408640471dbc0f7ee16c957f286d885f3d90a2f898
8ad2a70b0ec1a3fd,dss-5169-ia.pdf,Dss 5169 Ia,NCDHHS Forms,form,adoption,court,DSS-5169,,2,578,local-cascade,https://policies.ncdhhs.gov/wp-content/uploads/dss-5169-ia.pdf,policies.ncdhhs.gov,2026-06-25,5beb5bf8d6aac02a99b36ac2d98e717229fe7c63dd04806decec233e897fa0b2
ed1df6405ac47774,dss-5170-ia.pdf,Dss 5170 Ia,NCDHHS Forms,form,adoption,court,DSS-5170,,3,582,local-cascade,https://policies.ncdhhs.gov/wp-content/uploads/dss-5170-ia.pdf,policies.ncdhhs.gov,2026-06-25,62bdf131f00579b219f6ae6943c588fb4b2aacbc84fa8e5e66af1cba5f73a772
295c58008afd2fc6,dss-5189-ia.pdf,Dss 5189 Ia,NCDHHS Forms,form,adoption,court,DSS-5189,,3,929,local-cascade,https://policies.ncdhhs.gov/wp-content/uploads/dss-5189-ia.pdf,policies.ncdhhs.gov,2026-06-25,b7006820a786dfac389518321f7331d3aeee811581db2ad36ff69c6a310a5c7b
e09447f37380e57c,dss-5190-ia.pdf,Dss 5190 Ia,NCDHHS Forms,form,adoption,court,DSS-5190,,3,900,local-cascade,https://policies.ncdhhs.gov/wp-content/uploads/dss-5190-ia.pdf,policies.ncdhhs.gov,2026-06-25,e03d9cca8cca1bef50551e054f8d8e2c68ed3a46f0fc632311bf7d26fa503723
a3789f67621d56b1,dss-5191-ia.pdf,Dss 5191 Ia,NCDHHS Forms,form,adoption,court,DSS-5191,,2,221,local-cascade,https://policies.ncdhhs.gov/wp-content/uploads/dss-5191-ia.pdf,policies.ncdhhs.gov,2026-06-25,05360c48ec1e0998edb56bc09ed41461537be95b32347cde7340fd064552b04b
79230b158e9ad72e,dss-5199-ia.pdf,Dss 5199 Ia,NCDHHS Forms,form,foster_care,provider,DSS-5199,,1,92,local-cascade,https://policies.ncdhhs.gov/wp-content/uploads/dss-5199-ia.pdf,policies.ncdhhs.gov,2026-06-25,91901dc21531f69f0e02f92d44222adbe6dc739323f6e568d95ba2947e2055a8
3ac4fdc257a7e816,dss-5203-ia.pdf,Dss 5203 Ia,NCDHHS Forms,form,assessment,social_worker,DSS-5203,,8,2613,local-cascade,https://policies.ncdhhs.gov/wp-content/uploads/dss-5203-ia.pdf,policies.ncdhhs.gov,2026-06-25,edd5eac4c052ba2ff28ea8e42b7374de4c763f2578f85e480e44a199d7fd72c8
b912340a7f13b7b5,dss-5204-ia.pdf,Dss 5204 Ia,NCDHHS Forms,form,assessment,social_worker,DSS-5204,,11,2686,local-cascade,https://policies.ncdhhs.gov/wp-content/uploads/dss-5204-ia.pdf,policies.ncdhhs.gov,2026-06-25,217019e9bf363ff4bf5563c1c72e645a2b3f9785c3a465d1bbaba495745599b1
87a3764f6f00dd49,dss-5206-ia.pdf,Dss 5206 Ia,NCDHHS Forms,form,case_planning,provider,DSS-5206,,2,275,local-cascade,https://policies.ncdhhs.gov/wp-content/uploads/dss-5206-ia.pdf,policies.ncdhhs.gov,2026-06-25,1eaef4e808047797c23aa885418588cd52445160e6d2c437439883a0c41a5349
09a2573e859acfa3,dss-5207-ia.pdf,Dss 5207 Ia,NCDHHS Forms,form,intake,social_worker,DSS-5207,,5,885,local-cascade,https://policies.ncdhhs.gov/wp-content/uploads/dss-5207-ia.pdf,policies.ncdhhs.gov,2026-06-25,101932ab317a7bc1f0b10915704207b54bae379ade0d58df7b6c21ba58a327de
25dff4fff5a26021,dss-5208-ia.pdf,Dss 5208 Ia,NCDHHS Forms,form,intake,provider,DSS-5208,,6,901,local-cascade,https://policies.ncdhhs.gov/wp-content/uploads/dss-5208-ia.pdf,policies.ncdhhs.gov,2026-06-25,e32b5900fc6e955e350481299c0b4d68b5ac004085e70087893b57bfbfbac0f9
746db963c6846385,dss-5209-ia.pdf,Dss 5209 Ia,NCDHHS Forms,form,intake,provider,DSS-5209,,2,272,local-cascade,https://policies.ncdhhs.gov/wp-content/uploads/dss-5209-ia.pdf,policies.ncdhhs.gov,2026-06-25,5909fd818f14af204e19bcb2d187a3fa80b6acaf1cf5299b4e03bab1f24d1691
ce13d67dfe43e2fa,dss-5211-ia.pdf,_________________________ COUNTY,NCDHHS Forms,form,foster_care,family,DSS-5211,,1,160,local-cascade,https://policies.ncdhhs.gov/wp-content/uploads/dss-5211-ia.pdf,policies.ncdhhs.gov,2026-06-25,8061923d297f9cec34e2ac45b3303a0a635b3c47f64fd76d366c9669c63f7327
a2b503b4e14aaef2,dss-5212-ia.pdf,Dss 5212 Ia,NCDHHS Forms,form,adoption,provider,DSS-5212,,1,267,local-cascade,https://policies.ncdhhs.gov/wp-content/uploads/dss-5212-ia.pdf,policies.ncdhhs.gov,2026-06-25,89d793e7c4f734a37e1360115b6b4cb222ddf1d5f797a9724511966683bcba24
b39542e9aaec6ae2,dss-5214-ia.pdf,Dss 5214 Ia,NCDHHS Forms,form,foster_care,provider,DSS-5214,,1,265,local-cascade,https://policies.ncdhhs.gov/wp-content/uploads/dss-5214-ia.pdf,policies.ncdhhs.gov,2026-06-25,4cae1d2e113ef31df8cbdae660fb6a7db9ea802eafc49d039eaeaed2226f2f33
16f40c81a4f253e6,dss-5218-ia.pdf,Dss 5218 Ia,NCDHHS Forms,form,adoption,provider,DSS-5218,,2,347,local-cascade,https://policies.ncdhhs.gov/wp-content/uploads/dss-5218-ia.pdf,policies.ncdhhs.gov,2026-06-25,a06730685e0aeba5e0eb99723133582168eb12cce8ef063e4db2753aa853aa38
4874c320f8eec94b,dss-5219-ia.pdf,Dss 5219 Ia,NCDHHS Forms,form,assessment,court,DSS-5219,,2,308,local-cascade,https://policies.ncdhhs.gov/wp-content/uploads/dss-5219-ia.pdf,policies.ncdhhs.gov,2026-06-25,d98d3af19a07d60c2fefcf0be3db84e7ac58a2c8023d7a20d9c6481ccf6c1eb8
3060d7115d3fcccd,dss-5225-ia.pdf,Dss 5225 Ia,NCDHHS Forms,form,court,social_worker,DSS-5225,,2,871,local-cascade,https://policies.ncdhhs.gov/wp-content/uploads/dss-5225-ia.pdf,policies.ncdhhs.gov,2026-06-25,847a5f6a76ea05330a79f4921df9940b4d0068056c73da9466e49a04239cf4a5
9b0dc66580aefea5,dss-5226-ia.pdf,Dss 5226 Ia,NCDHHS Forms,form,assessment,social_worker,DSS-5226,,8,3054,local-cascade,https://policies.ncdhhs.gov/wp-content/uploads/dss-5226-ia.pdf,policies.ncdhhs.gov,2026-06-25,d9abe96fc40af9be6dbad29ea3f0e3480c4f2db0ae9e7788f9ad4df71ff28f73
35e7bc6df9ab9fe8,dss-5227-ia.pdf,Dss 5227 Ia,NCDHHS Forms,form,assessment,social_worker,DSS-5227,,7,2546,local-cascade,https://policies.ncdhhs.gov/wp-content/uploads/dss-5227-ia.pdf,policies.ncdhhs.gov,2026-06-25,5eacab1ad6f2dffb49e996a94d499ab2a977b1452c3aea33885a3d5126626361
db0a4d1ba8293327,dss-5229-ia.pdf,Dss 5229 Ia,NCDHHS Forms,form,intake,social_worker,DSS-5229,,8,3529,local-cascade,https://policies.ncdhhs.gov/wp-content/uploads/dss-5229-ia.pdf,policies.ncdhhs.gov,2026-06-25,10fd48bd66fdf06a2965ffa61893b204eef25e17938a8269290fbeb3ef3bc868
7430c85bc0c4aa70,dss-5230-ia.pdf,Dss 5230 Ia,NCDHHS Forms,form,assessment,social_worker,DSS-5230,,11,5275,local-cascade,https://policies.ncdhhs.gov/wp-content/uploads/dss-5230-ia.pdf,policies.ncdhhs.gov,2026-06-25,51899203231af5bd005ac570dfd9f14c0c3e989708145df0d915f1752457d2cb
235d6a8675a1b98d,dss-5231-ia.pdf,Dss 5231 Ia,NCDHHS Forms,form,assessment,social_worker,DSS-5231,,8,4843,local-cascade,https://policies.ncdhhs.gov/wp-content/uploads/dss-5231-ia.pdf,policies.ncdhhs.gov,2026-06-25,58cc95c2e6e1caba2ed94fed72b9fe5e7d8c3a30bc9b5c08ea17bbcaab83c6a9
5ceddceb503994e4,dss-5234-ia.pdf,Dss 5234 Ia,NCDHHS Forms,form,assessment,social_worker,DSS-5234,,2,498,local-cascade,https://policies.ncdhhs.gov/wp-content/uploads/dss-5234-ia.pdf,policies.ncdhhs.gov,2026-06-25,deba06c8305c3c554304919acd647857efdd38e3d4269d20d827b4b8700884b1
3592ac354b69b9c0,dss-5236-ia.pdf,Dss 5236 Ia,NCDHHS Forms,form,case_planning,supervisor,DSS-5236,,5,12037,local-cascade,https://policies.ncdhhs.gov/wp-content/uploads/dss-5236-ia.pdf,policies.ncdhhs.gov,2026-06-25,4ce760e2ddb779675ec3870e340fa8a9672fb740a4381ffdee4a9d047a472786
0583362441012488,dss-5237-ia.pdf,Children's Domestic Violence Assessment Tool,NCDHHS Forms,form,assessment,family,DSS-5237,,2,394,local-cascade,https://policies.ncdhhs.gov/wp-content/uploads/dss-5237-ia.pdf,policies.ncdhhs.gov,2026-06-25,275e7ca6268aa779eafbefef7abd5c43a8ff50413cb53eeea56585f6cb58a3ee
3588f210074499f2,dss-5238-ia.pdf,Dss 5238 Ia,NCDHHS Forms,form,assessment,provider,DSS-5238,,2,278,local-cascade,https://policies.ncdhhs.gov/wp-content/uploads/dss-5238-ia.pdf,policies.ncdhhs.gov,2026-06-25,ff5556ea4ff23782d153c2638855df80d72d5a9dadfbe506d5418eaabc9a8b8c
0e07b8de119213b9,dss-5239-ia.pdf,Dss 5239 Ia,NCDHHS Forms,form,assessment,supervisor,DSS-5239,,12,1932,local-cascade,https://policies.ncdhhs.gov/wp-content/uploads/dss-5239-ia.pdf,policies.ncdhhs.gov,2026-06-25,8d7c33ddeef80aa86ebfafcfc3fecc373506b42a5e3868fec7b29ce7daecd1ee
9bb53ae7bc16a91d,DSS-5239-In-Home-Family-Case-Plan-PATH-NC.pdf,Dss 5239 In Home Family Case Plan Path Nc,NCDHHS Forms,form,case_planning,social_worker,DSS-5239,,9,2614,local-cascade,https://policies.ncdhhs.gov/wp-content/uploads/DSS-5239-In-Home-Family-Case-Plan-PATH-NC.pdf,policies.ncdhhs.gov,2026-06-25,87eba3022499dd5b9f959835c0db4be0c9504fd8d0d2ba44dc1a30d361ae71ff
bc5ffb1e7c6691c9,DSS-5239ins_In-Home-Family-Case-Plan_Instructions-DSS-5239ins-PATH-NC.pdf,Dss 5239Ins In Home Family Case Plan Instructions Dss 5239Ins Path Nc,NCDHHS Forms,other,case_planning,social_worker,DSS-5239I,,9,3548,local-cascade,https://policies.ncdhhs.gov/wp-content/uploads/DSS-5239ins_In-Home-Family-Case-Plan_Instructions-DSS-5239ins-PATH-NC.pdf,policies.ncdhhs.gov,2026-06-25,cb9d4c4e0db1e3e8186f7807d164cbeab7a4b74ad71023970743b5ffadd5f1b6
661c29f3860775e9,DSS-5240ins-PATH-NC.pdf,Dss 5240Ins Path Nc,NCDHHS Forms,other,assessment,social_worker,DSS-5240I,,8,3143,local-cascade,https://policies.ncdhhs.gov/wp-content/uploads/DSS-5240ins-PATH-NC.pdf,policies.ncdhhs.gov,2026-06-25,3a007efc6102ff9fa6b15fc1f2def348ce65e36ed2fa639ae4f8fbc3a105245d
b48e317650f41385,dss-5241-ia.pdf,Dss 5241 Ia,NCDHHS Forms,form,case_planning,supervisor,DSS-5241,,7,2065,local-cascade,https://policies.ncdhhs.gov/wp-content/uploads/dss-5241-ia.pdf,policies.ncdhhs.gov,2026-06-25,afe5e6879664c07bd8c9c299b2ac6ecabe16b9f6609e6b65378404814a956c00
c2a41b73aff0c23b,DSS-5241ins-PATH-NC.pdf,Dss 5241Ins Path Nc,NCDHHS Forms,other,case_planning,social_worker,DSS-5241I,,3,936,local-cascade,https://policies.ncdhhs.gov/wp-content/uploads/DSS-5241ins-PATH-NC.pdf,policies.ncdhhs.gov,2026-06-25,48b17a2c855398f8b6c268f8220311ea1771ec59c59b491d57f87080b9e1ec32
ced4805b94581d13,dss-5242-ia.pdf,Dss 5242 Ia,NCDHHS Forms,form,case_planning,supervisor,DSS-5242,,2,9208,local-cascade,https://policies.ncdhhs.gov/wp-content/uploads/dss-5242-ia.pdf,policies.ncdhhs.gov,2026-06-25,ea4ecdabfefe2810f3f5de66974d7b9b3768f1ff4699678dab3ca7c43ca53ccb
f11b68e4447eebed,dss-5245-ia.pdf,Dss 5245 Ia,NCDHHS Forms,form,foster_care,provider,DSS-5245,,2,386,local-cascade,https://policies.ncdhhs.gov/wp-content/uploads/dss-5245-ia.pdf,policies.ncdhhs.gov,2026-06-25,05777239fd30a978eccaf3cf1ed22c3305e4dc9df49993e673fcb1a1761278bc
1ce86f67d81bd5b8,dss-5246-ia.pdf,Dss 5246 Ia,NCDHHS Forms,form,foster_care,social_worker,DSS-5246,,1,225,local-cascade,https://policies.ncdhhs.gov/wp-content/uploads/dss-5246-ia.pdf,policies.ncdhhs.gov,2026-06-25,10986419fa2faefe95cc722f0ced67d8fd78aac1f9023ebe471256dd9debba5d
7e5be312f1feee7a,dss-5247-ia.pdf,Dss 5247 Ia,NCDHHS Forms,form,assessment,social_worker,DSS-5247,,1,381,local-cascade,https://policies.ncdhhs.gov/wp-content/uploads/dss-5247-ia.pdf,policies.ncdhhs.gov,2026-06-25,387a4dd63d15c42a2d115e6ab3a38b796b449896db0a88f89bbdd72e492d518e
ef596d2a2e78c011,dss-5248-ia.pdf,Dss 5248 Ia,NCDHHS Forms,form,adoption,family,DSS-5248,,2,2056,local-cascade,https://policies.ncdhhs.gov/wp-content/uploads/dss-5248-ia.pdf,policies.ncdhhs.gov,2026-06-25,11ae3545cbd2ace6f6c3229296ca65e11105476da7fb983eb5d9a46882992f03
23c81288991cf8bc,dss-5249-ia.pdf,Dss 5249 Ia,NCDHHS Forms,form,adoption,provider,DSS-5249,,2,3607,local-cascade,https://policies.ncdhhs.gov/wp-content/uploads/dss-5249-ia.pdf,policies.ncdhhs.gov,2026-06-25,2286eda27e8c83ec11daf40941c79b8f87be5547ac4c2befb32b9aad0edceb0c
d44e2ff35ebde3a2,dss-5251-ia.pdf,Dss 5251 Ia,NCDHHS Forms,form,foster_care,social_worker,DSS-5251,,1,460,local-cascade,https://policies.ncdhhs.gov/wp-content/uploads/dss-5251-ia.pdf,policies.ncdhhs.gov,2026-06-25,f8d3ea08068279ab4e518a45f8fc2d1fa2abf9e412d699ed4e20879ec573744d
ad24ba9c2e7e6051,dss-5253-ia.pdf,Dss 5253 Ia,NCDHHS Forms,form,case_planning,supervisor,DSS-5253,,6,996,local-cascade,https://policies.ncdhhs.gov/wp-content/uploads/dss-5253-ia.pdf,policies.ncdhhs.gov,2026-06-25,978bd7ca0373ace2ccc9b1221befd253b157ebc2996e5deeebd31b3d1e04b8d3
d4ad17dd10d89d40,dss-5255-ia.pdf,Dss 5255 Ia,NCDHHS Forms,form,assessment,court,DSS-5255,,1,331,local-cascade,https://policies.ncdhhs.gov/wp-content/uploads/dss-5255-ia.pdf,policies.ncdhhs.gov,2026-06-25,61f5e2997693031b04b597419056e0683b4f7a078f2ecce78d06899958e4edfb
0384eb9fa650479a,dss-5257-ia.pdf,Dss 5257 Ia,NCDHHS Forms,form,assessment,social_worker,DSS-5257,,4,665,local-cascade,https://policies.ncdhhs.gov/wp-content/uploads/dss-5257-ia.pdf,policies.ncdhhs.gov,2026-06-25,f93e33c2405e52490b0791cf7c0824c9963ea1efbd1afdd4d7b922565f7b04a4
55739aa13d6c77f2,dss-5258-ia.pdf,Dss 5258 Ia,NCDHHS Forms,form,assessment,provider,DSS-5258,,1,272,local-cascade,https://policies.ncdhhs.gov/wp-content/uploads/dss-5258-ia.pdf,policies.ncdhhs.gov,2026-06-25,d92f7830f1b3928e3bb39bdbb640258ee5955e54617b754e49c3078a5329c169
47562b1ff52397c9,dss-5264-ia.pdf,Dss 5264 Ia,NCDHHS Forms,form,assessment,provider,DSS-5264,,2,1230,local-cascade,https://policies.ncdhhs.gov/wp-content/uploads/dss-5264-ia.pdf,policies.ncdhhs.gov,2026-06-25,4cf568429b41e39a340761fc312ba413dfa10129d3a3a0466d2914e2cc0d72f6
5c10ba2a83b58bea,dss-5266-ia.pdf,Dss 5266 Ia,NCDHHS Forms,form,health,social_worker,DSS-5266,,1,417,local-cascade,https://policies.ncdhhs.gov/wp-content/uploads/dss-5266-ia.pdf,policies.ncdhhs.gov,2026-06-25,5d5472b7f79b2a6bf15130c1834f37c751450532ac1419fca5abb26a903018e2
6a4a111589fe6b1d,dss-5271-ia.pdf,Dss 5271 Ia,NCDHHS Forms,form,other,mixed,DSS-5271,,1,169,local-cascade,https://policies.ncdhhs.gov/wp-content/uploads/dss-5271-ia.pdf,policies.ncdhhs.gov,2026-06-25,dee3c783e369d89cd5a6c47a43e727ec3d3e41c19907a2ee545d5007b2f2fedd
045025143bbf195d,dss-5275-ia.pdf,Dss 5275 Ia,NCDHHS Forms,form,other,family,DSS-5275,,1,159,local-cascade,https://policies.ncdhhs.gov/wp-content/uploads/dss-5275-ia.pdf,policies.ncdhhs.gov,2026-06-25,64e12912b00ab4d944a0ec07ce7bf8c388b61b6683df674b6ee60400c74d35d8
d167b5818ba0d626,dss-5276-ia.pdf,Dss 5276 Ia,NCDHHS Forms,form,other,family,DSS-5276,,1,163,local-cascade,https://policies.ncdhhs.gov/wp-content/uploads/dss-5276-ia.pdf,policies.ncdhhs.gov,2026-06-25,196ed3c04288b0e14cb77cc64fee18b2b7dd9cffbd6483bd30824fc1a5dfed7c
ed521e69a6cb7b2d,dss-5277-ia.pdf,Dss 5277 Ia,NCDHHS Forms,form,assessment,court,DSS-5277,,1,338,local-cascade,https://policies.ncdhhs.gov/wp-content/uploads/dss-5277-ia.pdf,policies.ncdhhs.gov,2026-06-25,43acc0f6f5764ef69170228b6f829ed2c353c389eed2f9ef74e5db8571b94ba0
5f74057dee679d64,dss-5279-ia.pdf,Dss 5279 Ia,NCDHHS Forms,form,assessment,social_worker,DSS-5279,09-01-07,2,167,local-cascade,https://policies.ncdhhs.gov/wp-content/uploads/dss-5279-ia.pdf,policies.ncdhhs.gov,2026-06-25,66c34dec91af738ef8898adbe044171568eabd9471d5b75e486144dd2b4bbcd6
bf38b0cc91d99c46,dss-5283-ia.pdf,Dss 5283 Ia,NCDHHS Forms,form,foster_care,provider,DSS-5283,,1,302,local-cascade,https://policies.ncdhhs.gov/wp-content/uploads/dss-5283-ia.pdf,policies.ncdhhs.gov,2026-06-25,d2150504ddcd5d1b2e0ce48d1d48f5a9ddcffd2300a279ec472690d368bdbc05
eb0a0ba38e93e6f8,dss-5288-ia.pdf,Dss 5288 Ia,NCDHHS Forms,form,other,social_worker,DSS-5288,,1,311,local-cascade,https://policies.ncdhhs.gov/wp-content/uploads/dss-5288-ia.pdf,policies.ncdhhs.gov,2026-06-25,5a8f7164ff299c048d5fd07dcbd70c9e2a1e047d14af741518b3ccdd0dea2b77
3a6cdca5db5e6256,dss-5290-ia.pdf,Dss 5290 Ia,NCDHHS Forms,form,health,social_worker,DSS-5290,,1,454,local-cascade,https://policies.ncdhhs.gov/wp-content/uploads/dss-5290-ia.pdf,policies.ncdhhs.gov,2026-06-25,6b53c74cd7e609d0be841eb25caf1cb89a8a0b7e53ae5450344debae9b6ec4b7
fc4e41c8f175a9bf,dss-5292-ia.pdf,Dss 5292 Ia,NCDHHS Forms,form,assessment,provider,DSS-5292,,2,349,local-cascade,https://policies.ncdhhs.gov/wp-content/uploads/dss-5292-ia.pdf,policies.ncdhhs.gov,2026-06-25,c220dd2895ccd0de99acd2b40ae04248d464ffea7c978994e1de733f0dedb30a
03477683eec7a19b,dss-5293-ia.pdf,Dss 5293 Ia,NCDHHS Forms,form,other,social_worker,DSS-5293,,1,315,local-cascade,https://policies.ncdhhs.gov/wp-content/uploads/dss-5293-ia.pdf,policies.ncdhhs.gov,2026-06-25,1826575c02dfc220e0c25b2ecc29ca356ab6340777d1d3c2b32644faa8fe1957
1d89d042d2c59f96,dss-5294-ia.pdf,Dss 5294 Ia,NCDHHS Forms,form,kinship,provider,DSS-5294,,2,555,local-cascade,https://policies.ncdhhs.gov/wp-content/uploads/dss-5294-ia.pdf,policies.ncdhhs.gov,2026-06-25,956f8346d2981eefd36eb18109bc5064e3a6b049c797c16e8cb53671e3b1c3ea
9660d6b4613f4f8f,dss-5297-ia.pdf,Dss 5297 Ia,NCDHHS Forms,form,assessment,court,DSS-5297,,2,556,local-cascade,https://policies.ncdhhs.gov/wp-content/uploads/dss-5297-ia.pdf,policies.ncdhhs.gov,2026-06-25,0a0aa7d18f8cb2386b567aecfd3e4dcc294be54a8221823313b238bbdc0d5efa
769901c67eeaa706,dss-5298-ia.pdf,Dss 5298 Ia,NCDHHS Forms,form,assessment,provider,DSS-5298,,7,2840,local-cascade,https://policies.ncdhhs.gov/wp-content/uploads/dss-5298-ia.pdf,policies.ncdhhs.gov,2026-06-25,501a295079b974be8460226d49c5ac83db8bc6bee35d7efca927ad49d85aa472
81bbcd1752ad79f3,dss-5300-ia.pdf,Dss 5300 Ia,NCDHHS Forms,form,kinship,social_worker,DSS-5300,,2,547,local-cascade,https://policies.ncdhhs.gov/wp-content/uploads/dss-5300-ia.pdf,policies.ncdhhs.gov,2026-06-25,9af1a9948facc6b2aa73ecdfba96cf72b44cb449bf0aeebc7e1ab4b88b2b3abd
623ce3420dc4e64c,dss-5301-ia.pdf,Dss 5301 Ia,NCDHHS Forms,form,other,family,DSS-5301,,1,166,local-cascade,https://policies.ncdhhs.gov/wp-content/uploads/dss-5301-ia.pdf,policies.ncdhhs.gov,2026-06-25,6dfe80dc997b25748e367cb848008b57edb2c1f85e29da6e3f48d2efbbf7706a
00eb74738a745c84,dss-5302-ia.pdf,Dss 5302 Ia,NCDHHS Forms,form,other,family,DSS-5302,,2,237,local-cascade,https://policies.ncdhhs.gov/wp-content/uploads/dss-5302-ia.pdf,policies.ncdhhs.gov,2026-06-25,91ec9d564506f434a89485ae47c95a5792d6c9406aeb9b49f8db231db94644ec
7d47a4c9a69abfaa,dss-5303-ia.pdf,"□ (b) Child needs diagnostic evaluation (Approval valid for six months, and no subsequent exemptions will be",NCDHHS Forms,form,assessment,social_worker,DSS-5303,,1,361,local-cascade,https://policies.ncdhhs.gov/wp-content/uploads/dss-5303-ia.pdf,policies.ncdhhs.gov,2026-06-25,6394629a0a6f68fceee4f617ba46769fd6cecb9a093f4d97ba51e4db6218ef6d
31b829a41df61afd,dss-5304-ia.pdf,Dss 5304 Ia,NCDHHS Forms,form,foster_care,social_worker,DSS-5304,,1,454,local-cascade,https://policies.ncdhhs.gov/wp-content/uploads/dss-5304-ia.pdf,policies.ncdhhs.gov,2026-06-25,7d04658de3e9384fa9c526589cc3769ca5cd1780ceb0d670dfaf86412b3452fd
5d20eba83e72e6b0,dss-5305-ia.pdf,Dss 5305 Ia,NCDHHS Forms,form,assessment,provider,DSS-5305,,1,240,local-cascade,https://policies.ncdhhs.gov/wp-content/uploads/dss-5305-ia.pdf,policies.ncdhhs.gov,2026-06-25,573967b4696b8ff0427f2d1a258785e19ff3ecea906abc1307f32f6a2980ec9f
898550cb8c74321c,dss-5306-ia.pdf,Dss 5306 Ia,NCDHHS Forms,form,adoption,social_worker,DSS-5306,,1,163,local-cascade,https://policies.ncdhhs.gov/wp-content/uploads/dss-5306-ia.pdf,policies.ncdhhs.gov,2026-06-25,1a16f9b0a58e36171de0cfffe5056c4c95b5dc6d2c63bfbbede94549d58db34e
f78c7829308a26a3,dss-5308-ia.pdf,Dss 5308 Ia,NCDHHS Forms,form,adoption,social_worker,DSS-5308,,1,213,local-cascade,https://policies.ncdhhs.gov/wp-content/uploads/dss-5308-ia.pdf,policies.ncdhhs.gov,2026-06-25,e198247747022be361f6de6fa27da03390c6ed3ccd7c8d07e14c85c3e81bb9a0
9a48639438d7baec,dss-5309-ia.pdf,Dss 5309 Ia,NCDHHS Forms,form,court,court,DSS-5309,,1,128,local-cascade,https://policies.ncdhhs.gov/wp-content/uploads/dss-5309-ia.pdf,policies.ncdhhs.gov,2026-06-25,de14b8b1acdba52356923615f97b538e93d6b3395dc9b77adc075a9ce7fcc49d
fc0dcb4209498634,dss-5310-ia.pdf,Dss 5310 Ia,NCDHHS Forms,form,assessment,social_worker,DSS-5310,,6,1062,local-cascade,https://policies.ncdhhs.gov/wp-content/uploads/dss-5310-ia.pdf,policies.ncdhhs.gov,2026-06-25,dc357cb1be8ec9ccd86e41132fccd63d06b475093ed51ea33ea8e995b9829715
1f60a93d439c0b4e,dss-5311-ia.pdf,Dss 5311 Ia,NCDHHS Forms,form,assessment,social_worker,DSS-5311,,6,1164,local-cascade,https://policies.ncdhhs.gov/wp-content/uploads/dss-5311-ia.pdf,policies.ncdhhs.gov,2026-06-25,c02c5dade37830ade8c5c6b8db944771ec5096730eda50bf6f5045d534c69921
cd065365e2381889,dss-5312-ia.pdf,Dss 5312 Ia,NCDHHS Forms,form,assessment,social_worker,DSS-5312,,4,848,local-cascade,https://policies.ncdhhs.gov/wp-content/uploads/dss-5312-ia.pdf,policies.ncdhhs.gov,2026-06-25,d148f13e827c8a1d3dbe327e9b014b15fc8f7ea050df2b7fd0a3ca8b8b96291e
c7935cc67f7905a1,dss-5313-ia.pdf,Dss 5313 Ia,NCDHHS Forms,form,other,provider,DSS-5313,,1,155,local-cascade,https://policies.ncdhhs.gov/wp-content/uploads/dss-5313-ia.pdf,policies.ncdhhs.gov,2026-06-25,d2b0a1471a11d914f1c79ea1beb178a1166fd06bec58268dcd404cc879deb861
7338f0e2db464c7f,dss-5322-ia.pdf,Dss 5322 Ia,NCDHHS Forms,form,other,family,DSS-5322,,1,139,local-cascade,https://policies.ncdhhs.gov/wp-content/uploads/dss-5322-ia.pdf,policies.ncdhhs.gov,2026-06-25,fe3c8f8b20bf5adaa8dbf6686dcf76c3111cbf3f40f4e0d222effb41cde39f44
ef6cc1077e3508d2,dss-5324-ia.pdf,Adoptive Placement Agreement,NCDHHS Forms,form,foster_care,provider,DSS-5324,,1,211,local-cascade,https://policies.ncdhhs.gov/wp-content/uploads/dss-5324-ia.pdf,policies.ncdhhs.gov,2026-06-25,a97ef88c7df064747d49f9f47a4fbf1d1fcfd85fcd0f2f8b11c02c3c728e5063
44f48a3559b3f745,dss-5325-ia.pdf,Dss 5325 Ia,NCDHHS Forms,form,court,social_worker,DSS-5325,,1,314,local-cascade,https://policies.ncdhhs.gov/wp-content/uploads/dss-5325-ia.pdf,policies.ncdhhs.gov,2026-06-25,2bfb9adef140a5b1ec3dfd55f132a100f2cfb91194cad68df3f5b74022df9bc2
6c54eb5cb343a4c4,dss-5328-ia.pdf,Dss 5328 Ia,NCDHHS Forms,form,other,social_worker,DSS-5328,,1,359,local-cascade,https://policies.ncdhhs.gov/wp-content/uploads/dss-5328-ia.pdf,policies.ncdhhs.gov,2026-06-25,69850977c012166cb3860b0e7d6031916c6cfbf4fae9aab94cde19a30a557216
3bff39d6166e4ec9,dss-5339-ia.pdf,Dss 5339 Ia,NCDHHS Forms,form,health,social_worker,DSS-5339,,1,82,local-cascade,https://policies.ncdhhs.gov/wp-content/uploads/dss-5339-ia.pdf,policies.ncdhhs.gov,2026-06-25,1aa02c62695de30ec0f195eb1505c7fcaf192585f151b446fd4484bec7050f2a
46aae8b9ad7a64cc,dss-5340-ia.pdf,Dss 5340 Ia,NCDHHS Forms,form,other,provider,DSS-5340,,2,202,local-cascade,https://policies.ncdhhs.gov/wp-content/uploads/dss-5340-ia.pdf,policies.ncdhhs.gov,2026-06-25,7b8aec673044c7dc03e62df75f53fb763fa22527ac3d6b26a03c38ec776e21ab
9c787f36d90454cb,DSS-5760-Verification-of-custody-letter-final-draft.pdf,Dss 5760 Verification Of Custody Letter Final Draft,NCDHHS Forms,form,court,social_worker,DSS-5760,,1,482,local-cascade,https://policies.ncdhhs.gov/wp-content/uploads/DSS-5760-Verification-of-custody-letter-final-draft.pdf,policies.ncdhhs.gov,2026-06-25,fd6bf65ddbafb66a285b9aa87283abb79088544366ae8cf367dba07fe17a3119
7bc7bd449edab5e7,DSS-5802-110323.pdf,Dss 5802 110323,NCDHHS Forms,form,kinship,social_worker,DSS-5802,,1,287,local-cascade,https://policies.ncdhhs.gov/wp-content/uploads/DSS-5802-110323.pdf,policies.ncdhhs.gov,2026-06-25,61692ebb2920005911064ee829197fa241ff4a845a2df095685e814ae511d373
a14cfaff4227c330,dss-6190.pdf,Dss 6190,NCDHHS Forms,form,foster_care,provider,DSS-6190,,7,536,local-cascade,https://policies.ncdhhs.gov/wp-content/uploads/dss-6190.pdf,policies.ncdhhs.gov,2026-06-25,b8557c1da73a62e80d310fd62d96a10234ff445b7ac6ab7954cf76feaa0d2885
866b3a9fad60ba7e,DSS-6193-Initial-Provider-Assessment-Instructions_TSP.pdf,Dss 6193 Initial Provider Assessment Instructions Tsp,NCDHHS Forms,form,assessment,supervisor,DSS-6193,,6,3482,local-cascade,https://policies.ncdhhs.gov/wp-content/uploads/DSS-6193-Initial-Provider-Assessment-Instructions_TSP.pdf,policies.ncdhhs.gov,2026-06-25,27644fe16ea28990d3e3999c5aff6a36831f09ace4938fedea81cce9ef029c5b
b21445c2dbfddbc6,DSS-6193.pdf,Dss 6193,NCDHHS Forms,form,assessment,social_worker,DSS-6193,,9,2595,local-cascade,https://policies.ncdhhs.gov/wp-content/uploads/DSS-6193.pdf,policies.ncdhhs.gov,2026-06-25,61cfaefee285dd9ed37759bfa2d3fdb0d8d6181325475a2c36af8a077d796065
7a568f0b22be1ba6,Evidence-Based-Prevention-Services-Policy-02202026.pdf,North Carolina Safety-Organized Practice Training Series: Collaborative Assessment and Planning Framework,NCDHHS Forms,other,intake,social_worker,,,11,5102,local-cascade,https://policies.ncdhhs.gov/wp-content/uploads/Evidence-Based-Prevention-Services-Policy-02202026.pdf,policies.ncdhhs.gov,2026-06-25,c3159bbeb1e57b64e8ebbd0221f1526ae079c120ea9b3872747812bba80f535e
56f8a99565c8a0bd,executive-summary.pdf,Executive Summary,NCDHHS Forms,other,assessment,supervisor,,,3,1611,local-cascade,https://policies.ncdhhs.gov/wp-content/uploads/executive-summary.pdf,policies.ncdhhs.gov,2026-06-25,5bff0049d6f4efd0fe7ce456f7f57f7e5126d8a0678833fbfdca0a488c37afcc
fa1e7d6c696f2dfc,fhlm_cn-04-2018-1.pdf,Fhlm Cn 04 2018 1,NCDHHS Forms,policy,foster_care,social_worker,DSS-5018,,77,36883,local-cascade,https://policies.ncdhhs.gov/wp-content/uploads/fhlm_cn-04-2018-1.pdf,policies.ncdhhs.gov,2026-06-25,72daba37017ba779b58fd516eed5da85ce589e1bc204bbf0c9347e6ec3c19978
d11b74de278ed639,fhlm_cn-11-2013.pdf,Fhlm Cn 11 2013,NCDHHS Forms,policy,foster_care,supervisor,,,2,365,local-cascade,https://policies.ncdhhs.gov/wp-content/uploads/fhlm_cn-11-2013.pdf,policies.ncdhhs.gov,2026-06-25,72350dd00aa3995ca7194125d797af92e7aef33132dbeb597f29e7c560f59b20
c7f2a0525e2fc33b,fhlm_cn_01_2012.pdf,Foster Home Licensing Manual Change,NCDHHS Forms,policy,foster_care,social_worker,,,4,632,local-cascade,https://policies.ncdhhs.gov/wp-content/uploads/fhlm_cn_01_2012.pdf,policies.ncdhhs.gov,2026-06-25,b54d03d612cde6b42a2c1f6e74586995f19df0eb08478976c8c5beea2483594d
a01bffebe0f02512,fhlm_cn_01_2014.pdf,Fhlm Cn 01 2014,NCDHHS Forms,policy,foster_care,social_worker,,,2,319,local-cascade,https://policies.ncdhhs.gov/wp-content/uploads/fhlm_cn_01_2014.pdf,policies.ncdhhs.gov,2026-06-25,5a9101a23bfe613a50f3d0a706e28a15bc5925ca33e80a09943ad3d8e007c87b
ad1cddea4fac3fe8,fhlm_cn_02_2012.pdf,Foster Home Licensing Manual Change,NCDHHS Forms,policy,foster_care,social_worker,,,4,634,local-cascade,https://policies.ncdhhs.gov/wp-content/uploads/fhlm_cn_02_2012.pdf,policies.ncdhhs.gov,2026-06-25,de2e90976e0b32690ed3ad2ea2aa0749cbe36192c91838617269d35d23feb105
6d9a28536af742e0,fhlm_cn_3-13.pdf,Fhlm Cn 3 13,NCDHHS Forms,policy,foster_care,supervisor,,,3,592,local-cascade,https://policies.ncdhhs.gov/wp-content/uploads/fhlm_cn_3-13.pdf,policies.ncdhhs.gov,2026-06-25,3f8049111c43a55e0d59e0dca39bf2a64d3089b8009780b279ccfc4f7a7694c3
4e7e230fa62eaf90,firearm-safety-guidance-document.pdf,Firearm Safety Guidance Document,NCDHHS Forms,other,safety,court,,,5,4701,local-cascade,https://policies.ncdhhs.gov/wp-content/uploads/firearm-safety-guidance-document.pdf,policies.ncdhhs.gov,2026-06-25,e8bdb3f3b9a0cbb87f974add762e8df88f7bcb21f687f8dab21ad0345b1939dc
27f001a74dd14425,fscw-012004.pdf,Family Support and Child Welfare Administrative,NCDHHS Forms,policy,assessment,social_worker,,,3,757,local-cascade,https://policies.ncdhhs.gov/wp-content/uploads/fscw-012004.pdf,policies.ncdhhs.gov,2026-06-25,7b5f6576f07d4c3a75f6f77ef366d5f9ea98ce3dff88a13dc880c41172fd323c
08ef7657130bcfb2,fscw-012004atta.pdf,Fscw 012004Atta,NCDHHS Forms,other,other,family,,,1,293,local-cascade,https://policies.ncdhhs.gov/wp-content/uploads/fscw-012004atta.pdf,policies.ncdhhs.gov,2026-06-25,a86240b8c33912bbd701ab5a3c6d706d029a7c92de2cbc07ccfbc1c1250659aa
74391c508556348b,fscw-012004attb.pdf,Fscw 012004Attb,NCDHHS Forms,other,assessment,provider,DSS-5238,,2,258,local-cascade,https://policies.ncdhhs.gov/wp-content/uploads/fscw-012004attb.pdf,policies.ncdhhs.gov,2026-06-25,f3334443b8365533223ed9c12bd674e3833907c4679c7fa77f04170858ec43f1
549b6b8a67e57753,fscw_al0103-1.pdf,Family Support and Child Welfare Administrative,NCDHHS Forms,policy,intake,social_worker,,,2,254,local-cascade,https://policies.ncdhhs.gov/wp-content/uploads/fscw_al0103-1.pdf,policies.ncdhhs.gov,2026-06-25,94c73431f3e5275c664fb883339d1287275051a99c57ceb3a410c28391501819
78179e02c7a4dd53,fscw_al0103att1.pdf,Fscw Al0103Att1,NCDHHS Forms,policy,intake,supervisor,DSS-1402,,8,3319,local-cascade,https://policies.ncdhhs.gov/wp-content/uploads/fscw_al0103att1.pdf,policies.ncdhhs.gov,2026-06-25,61027451a3edc9e657b15f6df3921bf26f4bc82c517ad171ad57970693a4dbdd
42351760607a1096,fscw_al0103att2.pdf,Fscw Al0103Att2,NCDHHS Forms,policy,safety,family,,,2,156,local-cascade,https://policies.ncdhhs.gov/wp-content/uploads/fscw_al0103att2.pdf,policies.ncdhhs.gov,2026-06-25,206431d1e26aeab084f55e04118f064c8afcd38c79290d22288b91184b3bce95
e9b091d76a9feba4,fscw_al0103att3-1.pdf,Fscw Al0103Att3 1,NCDHHS Forms,policy,other,family,,,1,64,local-cascade,https://policies.ncdhhs.gov/wp-content/uploads/fscw_al0103att3-1.pdf,policies.ncdhhs.gov,2026-06-25,5d1a6ae20a12946f7d516183b93003207a13e07897d02b23dc8d921e4c505b31
cb0a6132b9475d8c,fscw_al0105.pdf,Fscw Al0105,NCDHHS Forms,policy,assessment,supervisor,,,4,1108,local-cascade,https://policies.ncdhhs.gov/wp-content/uploads/fscw_al0105.pdf,policies.ncdhhs.gov,2026-06-25,e20c9663e8360b777176a8ce0d70b58e8f466f3f0e52cc7d6bf2e7392b7821c9
4bde1894df481088,fscw_al0106.pdf,Fscw Al0106,NCDHHS Forms,policy,assessment,supervisor,,,2,329,local-cascade,https://policies.ncdhhs.gov/wp-content/uploads/fscw_al0106.pdf,policies.ncdhhs.gov,2026-06-25,574a59280bb3b0630d50c494886573c1b08984fb21f07f1792fcf42b11ad4f36
b01b0e76f7b4b3ef,fscw_al0204.pdf,Family Support and Child Welfare Administrative,NCDHHS Forms,policy,assessment,social_worker,,,2,477,local-cascade,https://policies.ncdhhs.gov/wp-content/uploads/fscw_al0204.pdf,policies.ncdhhs.gov,2026-06-25,12e959e9f8c6d136bfd636602444917599dcad4405b4755bd1b884bf2bb99d70
9fb9fb67488506c2,fscw_al0205-1.pdf,Fscw Al0205 1,NCDHHS Forms,policy,assessment,social_worker,,,2,401,local-cascade,https://policies.ncdhhs.gov/wp-content/uploads/fscw_al0205-1.pdf,policies.ncdhhs.gov,2026-06-25,767e858490b709e96c014a270a57313a6c476e4640a36f6bec8591a1e90a22e6
4060975d3a00e736,fscw_al0205a.pdf,Fscw Al0205A,NCDHHS Forms,policy,assessment,social_worker,,,2,288,local-cascade,https://policies.ncdhhs.gov/wp-content/uploads/fscw_al0205a.pdf,policies.ncdhhs.gov,2026-06-25,04e0d7eb97e30c1b4c2da9f9edd44807cb829271425c50af98a51e3b2a1b9a7e
ce61fc64352f9d75,fscw_al0303.pdf,Fscw Al0303,NCDHHS Forms,policy,case_planning,supervisor,,,4,1211,local-cascade,https://policies.ncdhhs.gov/wp-content/uploads/fscw_al0303.pdf,policies.ncdhhs.gov,2026-06-25,5e259f6547b42da4ced1ec1dde0a2ecb604dbf6beb01e200dc80b7ec9266f502
96a6320fdfd34464,fscw_al0304-1.pdf,Family Support and Child Welfare Administrative,NCDHHS Forms,policy,case_planning,social_worker,,,3,576,local-cascade,https://policies.ncdhhs.gov/wp-content/uploads/fscw_al0304-1.pdf,policies.ncdhhs.gov,2026-06-25,cd5e4cc345e8c9e8ffd0a190e79488f97eb99babe2ed5976c1607e56c2c043b0
ac790ea33e6dc4e3,fscw_al0304a1.pdf,Fscw Al0304A1,NCDHHS Forms,policy,assessment,social_worker,,,7,1121,local-cascade,https://policies.ncdhhs.gov/wp-content/uploads/fscw_al0304a1.pdf,policies.ncdhhs.gov,2026-06-25,e5c2d943be4c960e88036074932352354ad118b0a150768b84a7bf17380be092
09dd1ce5ba62a70a,fscw_al0304a10.pdf,Fscw Al0304A10,NCDHHS Forms,policy,foster_care,family,,,1,218,local-cascade,https://policies.ncdhhs.gov/wp-content/uploads/fscw_al0304a10.pdf,policies.ncdhhs.gov,2026-06-25,a508c48890f5fa4a47df797f56a25bb0399a319503f0d7cca2c40d4cd179eda3
89b25a9c3977cc0c,fscw_al0304a2.pdf,Fscw Al0304A2,NCDHHS Forms,policy,assessment,social_worker,,,9,3479,local-cascade,https://policies.ncdhhs.gov/wp-content/uploads/fscw_al0304a2.pdf,policies.ncdhhs.gov,2026-06-25,9b383c9213951dc6d8d096ac899e0af4309eee1b7eaccdc5f39d69aaf9ac3bec
c427d2d20a272b88,fscw_al0304a3.pdf,Fscw Al0304A3,NCDHHS Forms,policy,assessment,social_worker,,,8,1376,local-cascade,https://policies.ncdhhs.gov/wp-content/uploads/fscw_al0304a3.pdf,policies.ncdhhs.gov,2026-06-25,55f4dc6677ae4ddc7db3a56e0a960839d7bfbb2c6ff0e6ebf7b66f3c9e9ba7d4
24ab5b781c1e2c53,fscw_al0304a4.pdf,Fscw Al0304A4,NCDHHS Forms,policy,assessment,social_worker,,,6,2154,local-cascade,https://policies.ncdhhs.gov/wp-content/uploads/fscw_al0304a4.pdf,policies.ncdhhs.gov,2026-06-25,f014955cc31cbf4e086a58d1eb15449dc8d8cc1ebd94eb38c1b484b88c57d70c
add2a0e50da7d326,fscw_al0304a5.pdf,Fscw Al0304A5,NCDHHS Forms,policy,case_planning,social_worker,DSS-5241,,4,751,local-cascade,https://policies.ncdhhs.gov/wp-content/uploads/fscw_al0304a5.pdf,policies.ncdhhs.gov,2026-06-25,47e363d5fe5766375e4f225773ceff9ca24b097ad969e8f5cf9f855de9790dc6
891fc7f0a8e58d17,fscw_al0304a6.pdf,Fscw Al0304A6,NCDHHS Forms,policy,case_planning,social_worker,DSS-5108,,3,933,local-cascade,https://policies.ncdhhs.gov/wp-content/uploads/fscw_al0304a6.pdf,policies.ncdhhs.gov,2026-06-25,d04b98c32db2944522ce5bc6ed3f9ea836ed97d350c4484724495520f678088d
80030fae9517d0fd,fscw_al0304a7.pdf,Fscw Al0304A7,NCDHHS Forms,policy,other,social_worker,DSS-5242,,1,104,local-cascade,https://policies.ncdhhs.gov/wp-content/uploads/fscw_al0304a7.pdf,policies.ncdhhs.gov,2026-06-25,751e7f79884e1e1699f977b9a60785aea3caf76304a0080e22e2ddb9852a61c2
36b9202eca3e17d8,fscw_al0304a8.pdf,Fscw Al0304A8,NCDHHS Forms,policy,assessment,provider,,,2,354,local-cascade,https://policies.ncdhhs.gov/wp-content/uploads/fscw_al0304a8.pdf,policies.ncdhhs.gov,2026-06-25,1a05e8c6981ba775d69917918a4dcd92b78bacdf6834952b08bd15f2a7bec88b
b86c4114cc889786,fscw_al0304a9.pdf,Fscw Al0304A9,NCDHHS Forms,policy,intake,social_worker,,,1,274,local-cascade,https://policies.ncdhhs.gov/wp-content/uploads/fscw_al0304a9.pdf,policies.ncdhhs.gov,2026-06-25,594c9bc9ae008709001aac993d3476b8aacc262e436cecc1b3e66e94fe5e471d
024a84f78565ddce,fscw_al0305.pdf,Fscw Al0305,NCDHHS Forms,policy,administrative,supervisor,,,1,328,local-cascade,https://policies.ncdhhs.gov/wp-content/uploads/fscw_al0305.pdf,policies.ncdhhs.gov,2026-06-25,31c16a983e95b5d9236a55fccbe5d87983bd81c4e12d42683736298901d57fcd
c7cbdbd3945543c2,fscw_al0306.pdf,Fscw Al0306,NCDHHS Forms,policy,assessment,social_worker,,,2,311,local-cascade,https://policies.ncdhhs.gov/wp-content/uploads/fscw_al0306.pdf,policies.ncdhhs.gov,2026-06-25,e99d4b26e3fb01991d5e69742e58521e79dfc2b457f686699080694be9da9205
a1c2365dd7f6fd9f,fscw_al0306a.pdf,Fscw Al0306A,NCDHHS Forms,policy,assessment,social_worker,,,6,2007,local-cascade,https://policies.ncdhhs.gov/wp-content/uploads/fscw_al0306a.pdf,policies.ncdhhs.gov,2026-06-25,593fbeedc7db49a483c85e14709add2d0d44abd4753767739c4f80ce2ab40405
69ec787f98dfef5b,fscw_al0403.pdf,Fscw Al0403,NCDHHS Forms,policy,intake,social_worker,,,3,749,local-cascade,https://policies.ncdhhs.gov/wp-content/uploads/fscw_al0403.pdf,policies.ncdhhs.gov,2026-06-25,75b6324711599d76594de724f202904c10ee9bd1982789f0c272d97544ffa7cc
770b338828a519d1,fscw_al0403att-1.pdf,Fscw Al0403Att 1,NCDHHS Forms,policy,intake,social_worker,,,42,16673,local-cascade,https://policies.ncdhhs.gov/wp-content/uploads/fscw_al0403att-1.pdf,policies.ncdhhs.gov,2026-06-25,ae61ea3fd52c4c4bf499f003a598ab74d6cae66c0bf5084a0842bdb2b336369f
8fc6c93d35daf228,fscw_al0405.pdf,Fscw Al0405,NCDHHS Forms,policy,assessment,social_worker,,,3,719,local-cascade,https://policies.ncdhhs.gov/wp-content/uploads/fscw_al0405.pdf,policies.ncdhhs.gov,2026-06-25,0aa1408f1d1ae053318ce750132f4c62fbe9de424582af696178f5257c9df052
b832b234a00eae0b,fscw_al0405a1.pdf,Fscw Al0405A1,NCDHHS Forms,policy,assessment,social_worker,,,7,2384,local-cascade,https://policies.ncdhhs.gov/wp-content/uploads/fscw_al0405a1.pdf,policies.ncdhhs.gov,2026-06-25,7a06b7640c3bfe3eb7e174500838048bb1e9aefac53c92c02cd765de2f957f1d
6d31561586f06c78,fscw_al0405a2.pdf,Fscw Al0405A2,NCDHHS Forms,policy,assessment,social_worker,,,7,2287,local-cascade,https://policies.ncdhhs.gov/wp-content/uploads/fscw_al0405a2.pdf,policies.ncdhhs.gov,2026-06-25,63a40df1390010010625682cfd915522a3cd211b0a4b0ce7b97a9f48d0538885
6c8d9895e2f09b1c,fscw_al0405a3.pdf,Fscw Al0405A3,NCDHHS Forms,policy,assessment,social_worker,,,6,1914,local-cascade,https://policies.ncdhhs.gov/wp-content/uploads/fscw_al0405a3.pdf,policies.ncdhhs.gov,2026-06-25,901908bbd22ded1c72b42990bb90ebe3991885ac1b19e2f8d3316c1d8210fd61
d5d275798fa16d0c,fscw_al0405a4.pdf,Fscw Al0405A4,NCDHHS Forms,policy,assessment,social_worker,,,8,3122,local-cascade,https://policies.ncdhhs.gov/wp-content/uploads/fscw_al0405a4.pdf,policies.ncdhhs.gov,2026-06-25,19924d0e8e818425e95c69eaf0cfe863177a7155075e37aaf77b2eb1edcbc7f2
2f23d8371725770d,fscw_al0405a5-1.pdf,Fscw Al0405A5 1,NCDHHS Forms,policy,assessment,social_worker,,,9,3447,local-cascade,https://policies.ncdhhs.gov/wp-content/uploads/fscw_al0405a5-1.pdf,policies.ncdhhs.gov,2026-06-25,a6940c6521ee752f0ce8b963d85a8aba02755e4f386a1a6ef5b4998777a8552d
979ef8f967a1208d,fscw_al0405a6.pdf,Fscw Al0405A6,NCDHHS Forms,policy,assessment,social_worker,,,8,3290,local-cascade,https://policies.ncdhhs.gov/wp-content/uploads/fscw_al0405a6.pdf,policies.ncdhhs.gov,2026-06-25,67308749fd44167fcf1d61710cc4edc41ba481b6b70ed237055420e0d6e08d4a
bb04951c0fb54254,fscw_al0505.pdf,Fscw Al0505,NCDHHS Forms,policy,foster_care,supervisor,,,11,3860,local-cascade,https://policies.ncdhhs.gov/wp-content/uploads/fscw_al0505.pdf,policies.ncdhhs.gov,2026-06-25,7a0883d39ccc2c80c927735fa6e2a29f45d2b9e135dbc8d56752216b3e61c39c
069f05678af32c46,fscw_al0604.pdf,Fscw Al0604,NCDHHS Forms,policy,administrative,supervisor,,,3,373,local-cascade,https://policies.ncdhhs.gov/wp-content/uploads/fscw_al0604.pdf,policies.ncdhhs.gov,2026-06-25,b1877f9a2545125eb5d2fb3f305e8f31a51162d2ba3c9dcfe5b12bbf04393531
dee5e374cd9c6194,fscw_al0605.pdf,Fscw Al0605,NCDHHS Forms,policy,foster_care,supervisor,,,3,544,local-cascade,https://policies.ncdhhs.gov/wp-content/uploads/fscw_al0605.pdf,policies.ncdhhs.gov,2026-06-25,8f1c356f846601a4cd7b43c37f6ca9f31865121fb668ec47b30d7c8ad5a1bedd
04c718900ab85f50,fscw_al0605a.pdf,Fscw Al0605A,NCDHHS Forms,policy,assessment,provider,,,6,2297,local-cascade,https://policies.ncdhhs.gov/wp-content/uploads/fscw_al0605a.pdf,policies.ncdhhs.gov,2026-06-25,62fca01be421529944758dc32839e2c132f48eb33f226097f0fc2991a1ba1b07
6915bc258ef91b37,fscw_al08-07-addendum-1-2.pdf,"DMA ADMINISTRATIVE LETTER NO. 08-07,",NCDHHS Forms,policy,assessment,supervisor,,,2,495,local-cascade,https://policies.ncdhhs.gov/wp-content/uploads/fscw_al08-07-addendum-1-2.pdf,policies.ncdhhs.gov,2026-06-25,b0c1044d7e4011801834a832d16b998c6f6329df6dffc9f2ee86757d3e753d8a
7456e8478df5626a,fscw_al0805.pdf,Fscw Al0805,NCDHHS Forms,policy,assessment,social_worker,,,3,915,local-cascade,https://policies.ncdhhs.gov/wp-content/uploads/fscw_al0805.pdf,policies.ncdhhs.gov,2026-06-25,3bfb9d2f84b869b62a4bc9903f3816e3a5985390dd42dd0d9cfaec62054b4630
44cc9ffd40963728,fscw_al0805a.pdf,Fscw Al0805A,NCDHHS Forms,policy,assessment,social_worker,,,11,4608,local-cascade,https://policies.ncdhhs.gov/wp-content/uploads/fscw_al0805a.pdf,policies.ncdhhs.gov,2026-06-25,14e7c9ada99b3aba35aca1470d2e475699c9a57b9a6581b24cda72f4c03dd211
e8f658237a0741eb,fscw_al0905.pdf,Fscw Al0905,NCDHHS Forms,policy,health,supervisor,,,5,1103,local-cascade,https://policies.ncdhhs.gov/wp-content/uploads/fscw_al0905.pdf,policies.ncdhhs.gov,2026-06-25,2c27313e2243645af42d2d04ee23b87d39775be555f41494571c3d7612d7ffc7
e598a371d2a51a1a,fscw_al0905a-1.pdf,Fscw Al0905A 1,NCDHHS Forms,policy,health,provider,,,1,192,local-cascade,https://policies.ncdhhs.gov/wp-content/uploads/fscw_al0905a-1.pdf,policies.ncdhhs.gov,2026-06-25,8cb9ad4d9f39f9b3f641733fd6ae7574fe8c0b95d7b745fb151bba56521afbb3
160dc40c6f2eff46,fscw_al_0107.pdf,Fscw Al 0107,NCDHHS Forms,policy,assessment,social_worker,DSS-5104,,2,791,local-cascade,https://policies.ncdhhs.gov/wp-content/uploads/fscw_al_0107.pdf,policies.ncdhhs.gov,2026-06-25,f365b8c7d67584821a755087be0ef2699246ff7fffde64b7f061a8874a91a901
82920bca83be9616,fscw_al_0406.pdf,Fscw Al 0406,NCDHHS Forms,policy,intake,social_worker,,,2,338,local-cascade,https://policies.ncdhhs.gov/wp-content/uploads/fscw_al_0406.pdf,policies.ncdhhs.gov,2026-06-25,64b4eeb767af076a4f9ec91b7bfc730d7cb7836bca84475b5b3ae81a95130b6e
696ed50aec13bb87,fscw_al_0506.pdf,Fscw Al 0506,NCDHHS Forms,policy,intake,social_worker,,,3,593,local-cascade,https://policies.ncdhhs.gov/wp-content/uploads/fscw_al_0506.pdf,policies.ncdhhs.gov,2026-06-25,e77885b92cde3f961fcaf733e83c60d89b17ceeb53a116fdef0a71654b9e30cc
84288942b03ab2ee,fscw_al_0506a.pdf,Fscw Al 0506A,NCDHHS Forms,policy,other,provider,,,2,736,local-cascade,https://policies.ncdhhs.gov/wp-content/uploads/fscw_al_0506a.pdf,policies.ncdhhs.gov,2026-06-25,67c23419c25b15bb58dbd0e32ac8a797e2f65d8c51dd5114095141e898813b33
15b084bdc393a4a4,fscw_al_0606.pdf,Fscw Al 0606,NCDHHS Forms,policy,assessment,social_worker,,,4,1372,local-cascade,https://policies.ncdhhs.gov/wp-content/uploads/fscw_al_0606.pdf,policies.ncdhhs.gov,2026-06-25,4b9c3429c8266130483d5750600a6aa7f39c72bc472bd16208d7ee0613e1f8d8
6f3bc0f33e474335,fscw_al_06_07.pdf,Fscw Al 06 07,NCDHHS Forms,policy,health,supervisor,,,3,1052,local-cascade,https://policies.ncdhhs.gov/wp-content/uploads/fscw_al_06_07.pdf,policies.ncdhhs.gov,2026-06-25,24e230e5a75a6a300b75f45cc170c2e94a765973c47982de6d18e11449c57ade
7079223578f81703,fscw_al_0705-2.pdf,Fscw Al 0705 2,NCDHHS Forms,policy,administrative,supervisor,,,3,432,local-cascade,https://policies.ncdhhs.gov/wp-content/uploads/fscw_al_0705-2.pdf,policies.ncdhhs.gov,2026-06-25,4a2eb38e96a357e864f89ddb5aab2b9015f4ee011523b47cc723ba4b773ac68a
964dc7832ffefc5a,fscw_al_0706-01.pdf,Fscw Al 0706 01,NCDHHS Forms,policy,assessment,social_worker,,,2,648,local-cascade,https://policies.ncdhhs.gov/wp-content/uploads/fscw_al_0706-01.pdf,policies.ncdhhs.gov,2026-06-25,83f1dedc3db31c5e97c0d7aa31e05ed86ead46de8bf7749381cdb9cc41db6836
7eb09cd5245d1ac3,fscw_al_0706.pdf,Fscw Al 0706,NCDHHS Forms,policy,assessment,social_worker,,,2,680,local-cascade,https://policies.ncdhhs.gov/wp-content/uploads/fscw_al_0706.pdf,policies.ncdhhs.gov,2026-06-25,41e9ba52ef64f505f687bc3bc1396b2178a7e2b645dcaefe963ce929f2265a47
407a05d80f585662,fscw_al_0707.pdf,Fscw Al 0707,NCDHHS Forms,policy,foster_care,social_worker,,,2,403,local-cascade,https://policies.ncdhhs.gov/wp-content/uploads/fscw_al_0707.pdf,policies.ncdhhs.gov,2026-06-25,30c1c1857396f7ab01f8d471a95fe5ee9a6a41a4c5b299773b9a284ef673be1a
49b866909b304a2b,fscw_al_0806.pdf,Fscw Al 0806,NCDHHS Forms,policy,health,supervisor,,,2,289,local-cascade,https://policies.ncdhhs.gov/wp-content/uploads/fscw_al_0806.pdf,policies.ncdhhs.gov,2026-06-25,b27797e5446a6fb57ea2e82ed9a22ff5518f33be5c08635034385ee37016b451
f96931adacff9823,fscw_al_0906.pdf,Fscw Al 0906,NCDHHS Forms,policy,intake,social_worker,,,3,906,local-cascade,https://policies.ncdhhs.gov/wp-content/uploads/fscw_al_0906.pdf,policies.ncdhhs.gov,2026-06-25,ee07d6c73e3babb54fa2beac6ce936049e6c1788abedfa5cb07927756b250993
ab0d8507d86fd18b,fscw_al_09_07.pdf,Fscw Al 09 07,NCDHHS Forms,policy,assessment,social_worker,,,15,2952,local-cascade,https://policies.ncdhhs.gov/wp-content/uploads/fscw_al_09_07.pdf,policies.ncdhhs.gov,2026-06-25,68b5a163f464d59be3c42c9f2830272f43f54a02bd597f3928c4e98d79f4689b
f48c39f6471f2ac3,fscw_al_1006.pdf,Fscw Al 1006,NCDHHS Forms,policy,assessment,social_worker,,,1,370,local-cascade,https://policies.ncdhhs.gov/wp-content/uploads/fscw_al_1006.pdf,policies.ncdhhs.gov,2026-06-25,5ce72cbe5c06e4dfbccc618f3050760194a6c4af7869535ebd1bcf7bf91d65ca
d1e7be4916c85073,fscw_al_1106.pdf,Fscw Al 1106,NCDHHS Forms,policy,assessment,social_worker,,,3,1411,local-cascade,https://policies.ncdhhs.gov/wp-content/uploads/fscw_al_1106.pdf,policies.ncdhhs.gov,2026-06-25,de1ab7cdb33899379f06effad2fd40e0ba3253b5c29d00028ca2c83566f2a48d
b2d5553c71bcf207,fscw_al_11_07.pdf,Fscw Al 11 07,NCDHHS Forms,policy,court,supervisor,,,3,446,local-cascade,https://policies.ncdhhs.gov/wp-content/uploads/fscw_al_11_07.pdf,policies.ncdhhs.gov,2026-06-25,b9be8a664a6dda7eb28c0ebdc4bd6fd4942ae1bdfbdcaf73a2154f2d492a743f
ad707271335f9273,fscw_al_1206.pdf,Fscw Al 1206,NCDHHS Forms,policy,foster_care,social_worker,,,1,402,local-cascade,https://policies.ncdhhs.gov/wp-content/uploads/fscw_al_1206.pdf,policies.ncdhhs.gov,2026-06-25,7edeb37530ab46e4b73fe347b3bb086d04e0f604874e4c5a4f6548b2b4d261bf
e85f885e20c76e63,fscw_al_1306.pdf,Fscw Al 1306,NCDHHS Forms,policy,intake,social_worker,,,1,339,local-cascade,https://policies.ncdhhs.gov/wp-content/uploads/fscw_al_1306.pdf,policies.ncdhhs.gov,2026-06-25,bafaec159e569193b757ff44f218de6a98fc79f3fac0cae9afebfdd1fbbd39bb
ac07f240eab1a00d,fscw_al_1406.pdf,Fscw Al 1406,NCDHHS Forms,policy,administrative,social_worker,,,2,236,local-cascade,https://policies.ncdhhs.gov/wp-content/uploads/fscw_al_1406.pdf,policies.ncdhhs.gov,2026-06-25,94366f7f74b93bffaaccf2882613e139eca2a9d1ee1da84628fda4c7cbdba870
b2752f482ad50b60,fscw_al_1406a.pdf,Fscw Al 1406A,NCDHHS Forms,policy,assessment,social_worker,,,14,5306,local-cascade,https://policies.ncdhhs.gov/wp-content/uploads/fscw_al_1406a.pdf,policies.ncdhhs.gov,2026-06-25,6a1181ee97f4bf729dcb87683b47dcacda514e098e467bb18a89a978d26e26d1
aa3dcaeb0fc2b853,fscw_al_1407.pdf,Fscw Al 1407,NCDHHS Forms,policy,administrative,supervisor,,,1,318,local-cascade,https://policies.ncdhhs.gov/wp-content/uploads/fscw_al_1407.pdf,policies.ncdhhs.gov,2026-06-25,7cae0f7ed32762d326428b0448abc60bc9d9a3d24531dc041a3c148451823429
db0e5775a6ceb6b8,fscw_al_1506.pdf,Fscw Al 1506,NCDHHS Forms,policy,administrative,supervisor,,,2,320,local-cascade,https://policies.ncdhhs.gov/wp-content/uploads/fscw_al_1506.pdf,policies.ncdhhs.gov,2026-06-25,3f92cf3e0d862d8d30444cecd81a1f0c558f1f4afad4928085ea4c9b800e051d
4374608100a8b25f,fscw_al_18_07.pdf,Fscw Al 18 07,NCDHHS Forms,policy,assessment,social_worker,,,4,1108,local-cascade,https://policies.ncdhhs.gov/wp-content/uploads/fscw_al_18_07.pdf,policies.ncdhhs.gov,2026-06-25,2b3cc97b066830fa2fe646e2b8894878d884d16fab09fc00153abc3fa00bce66
f713aa835a4a0ffc,fscw_al_18_07a1.pdf,Fscw Al 18 07A1,NCDHHS Forms,policy,intake,social_worker,,,44,160837,local-cascade,https://policies.ncdhhs.gov/wp-content/uploads/fscw_al_18_07a1.pdf,policies.ncdhhs.gov,2026-06-25,10ec0213c51dfc7bd0c542b957dcaad80f1d235ccac17d88ef12ba131f26bd97
d8b5dcb384ffc0e1,fscw_al_18_07a2.pdf,Fscw Al 18 07A2,NCDHHS Forms,policy,assessment,social_worker,,,4,1255,local-cascade,https://policies.ncdhhs.gov/wp-content/uploads/fscw_al_18_07a2.pdf,policies.ncdhhs.gov,2026-06-25,7a885cd74117685df3bc5719aa30e71367f0eccc609f7918317e34d41971d60c
b249367c2b43692e,fscw_al_18_07a3.pdf,Fscw Al 18 07A3,NCDHHS Forms,policy,assessment,social_worker,,,15,5976,local-cascade,https://policies.ncdhhs.gov/wp-content/uploads/fscw_al_18_07a3.pdf,policies.ncdhhs.gov,2026-06-25,25563467b6580911efbad5d730d8d308200d6fff3f6631793e122fde87ff6557
38bce3656aea13ec,fscw_al_18_07a4.pdf,Fscw Al 18 07A4,NCDHHS Forms,policy,intake,social_worker,,,36,91727,local-cascade,https://policies.ncdhhs.gov/wp-content/uploads/fscw_al_18_07a4.pdf,policies.ncdhhs.gov,2026-06-25,f0dd49984768d3e797da1bae12c6a5132c2e69cd1555438d4d480ef417e1d593
65758fb3bd20f241,fscws_al_0107a.pdf,Fscws Al 0107A,NCDHHS Forms,policy,assessment,provider,,,1,113,local-cascade,https://policies.ncdhhs.gov/wp-content/uploads/fscws_al_0107a.pdf,policies.ncdhhs.gov,2026-06-25,10993bca76c494bae22b84b3d30b29a8841c9b8e3a2a13957f342f88128bb570
5d4144c9cae73974,fscws_al_01_08.pdf,Fscws Al 01 08,NCDHHS Forms,policy,adoption,social_worker,,,2,839,local-cascade,https://policies.ncdhhs.gov/wp-content/uploads/fscws_al_01_08.pdf,policies.ncdhhs.gov,2026-06-25,74993f70745069302c2b6d6ecbcaa4c350ae04f6081d0d853a461aab7af6e286
3c8a7ab900b3d98f,fscws_al_01_08a.pdf,Fscws Al 01 08A,NCDHHS Forms,policy,other,family,,,1,321,local-cascade,https://policies.ncdhhs.gov/wp-content/uploads/fscws_al_01_08a.pdf,policies.ncdhhs.gov,2026-06-25,d416d1e8a362baafe0fe3e339c802274066c75eae1d30304005070d0923e7736
a6096b1ae19b2c23,fscws_al_03_08.pdf,Fscws Al 03 08,NCDHHS Forms,policy,foster_care,supervisor,,,2,903,local-cascade,https://policies.ncdhhs.gov/wp-content/uploads/fscws_al_03_08.pdf,policies.ncdhhs.gov,2026-06-25,58611f2e6e4fefbe44dfae7439ad28c68ee9e6ce8c76800c1bce805765f212c2
d80ac97ba481d350,fscws_al_0407.pdf,Fscws Al 0407,NCDHHS Forms,policy,case_planning,social_worker,,,7,2542,local-cascade,https://policies.ncdhhs.gov/wp-content/uploads/fscws_al_0407.pdf,policies.ncdhhs.gov,2026-06-25,288af13646b0dd946992aead9abd7b6099663188dc8d6aef82555afcc98f2489
091b5f25f85810a1,fscws_al_04_08.pdf,Fscws Al 04 08,NCDHHS Forms,policy,assessment,social_worker,,,4,1144,local-cascade,https://policies.ncdhhs.gov/wp-content/uploads/fscws_al_04_08.pdf,policies.ncdhhs.gov,2026-06-25,d776d674b668932c3fef9efba04ac50f0b419e9f6dead56283458a02b8969346
616f6139bc167a10,fscws_al_05_08.pdf,Fscws Al 05 08,NCDHHS Forms,policy,administrative,supervisor,,,3,1169,local-cascade,https://policies.ncdhhs.gov/wp-content/uploads/fscws_al_05_08.pdf,policies.ncdhhs.gov,2026-06-25,02e98f5e9285937a11c55a231d81dcc325090e2d6adcda118994c622d49518d0
13659d2a85de65a3,fscws_al_07_08.pdf,Fscws Al 07 08,NCDHHS Forms,policy,assessment,social_worker,,,2,921,local-cascade,https://policies.ncdhhs.gov/wp-content/uploads/fscws_al_07_08.pdf,policies.ncdhhs.gov,2026-06-25,766445603622c72f64d6f4f1dcaad6a0c71382cef9ef50fd62434bfc6e38c97c
c74fa5e9f4058289,fscws_al_07_08a1.pdf,North Carolina Department of Health and Human Services,NCDHHS Forms,policy,foster_care,supervisor,,,2,862,local-cascade,https://policies.ncdhhs.gov/wp-content/uploads/fscws_al_07_08a1.pdf,policies.ncdhhs.gov,2026-06-25,2e20fa61e4033edeae125390e6643f3716ea3394e46fbb2da8562dd0481c92f2
e8ff227d9cfda9a4,fscws_al_07_08a2.pdf,North Carolina Department of Health and Human Services,NCDHHS Forms,policy,foster_care,supervisor,,,2,890,local-cascade,https://policies.ncdhhs.gov/wp-content/uploads/fscws_al_07_08a2.pdf,policies.ncdhhs.gov,2026-06-25,0d6367883cf31ad20562161933b53ff420cd084472c86e6188ddd781420e7e31
95b7186b0ca36cf0,fscws_al_07_08a3.pdf,Fscws Al 07 08A3,NCDHHS Forms,policy,foster_care,supervisor,,,2,920,local-cascade,https://policies.ncdhhs.gov/wp-content/uploads/fscws_al_07_08a3.pdf,policies.ncdhhs.gov,2026-06-25,858c26884e3e2d0547a0a171f73eb214fa39fcb5018fdbd5a11a9e6b20de2350
769430077b6acb87,fscws_al_08_08.pdf,Fscws Al 08 08,NCDHHS Forms,policy,intake,social_worker,,,4,1950,local-cascade,https://policies.ncdhhs.gov/wp-content/uploads/fscws_al_08_08.pdf,policies.ncdhhs.gov,2026-06-25,c054abdd69a0bf74333b0f1b84fa3fd9c8162bf6b94e6a31e7869aba4b496ff5
f940080ff47d03fa,fscws_al_09_08.pdf,Fscws Al 09 08,NCDHHS Forms,policy,intake,supervisor,,,2,1179,local-cascade,https://policies.ncdhhs.gov/wp-content/uploads/fscws_al_09_08.pdf,policies.ncdhhs.gov,2026-06-25,001ae552019a5cdc45591739495ff02c2f00489b911b305d36feb0b2b23a2cef
63c9738a5fcb8c08,fscws_al_10-07.pdf,Fscws Al 10 07,NCDHHS Forms,policy,assessment,social_worker,,,6,2162,local-cascade,https://policies.ncdhhs.gov/wp-content/uploads/fscws_al_10-07.pdf,policies.ncdhhs.gov,2026-06-25,710819b299d4964ca6485e81513660c75cbe7854c284ec3e17cb0f52d3ce08c6
5dfa7f5198b8f459,fscws_al_10_08.pdf,Fscws Al 10 08,NCDHHS Forms,policy,foster_care,social_worker,DSS-5094,,2,263,local-cascade,https://policies.ncdhhs.gov/wp-content/uploads/fscws_al_10_08.pdf,policies.ncdhhs.gov,2026-06-25,7e93a89118e28b8cf7ed1e601783cd601a685cb145f368ef1d5d1881ecf30d1a
a74165fa8441a80f,fscws_al_11_08.pdf,Fscws Al 11 08,NCDHHS Forms,policy,assessment,social_worker,DSS-5104,,3,1127,local-cascade,https://policies.ncdhhs.gov/wp-content/uploads/fscws_al_11_08.pdf,policies.ncdhhs.gov,2026-06-25,2c7637ae7e7e015ec2f99857929145784b8be1925986ce5291241b1c807c1be7
1face63daffeb227,fscws_al_12_08.pdf,Fscws Al 12 08,NCDHHS Forms,policy,administrative,supervisor,,,1,295,local-cascade,https://policies.ncdhhs.gov/wp-content/uploads/fscws_al_12_08.pdf,policies.ncdhhs.gov,2026-06-25,068b0fda9fff4e163c6199cbbe37388623b87a2d54ec183890063c7d3dec55ba
f87b0d8fd3d831a5,fscws_al_13_07.pdf,Fscws Al 13 07,NCDHHS Forms,policy,health,social_worker,,,9,1849,local-cascade,https://policies.ncdhhs.gov/wp-content/uploads/fscws_al_13_07.pdf,policies.ncdhhs.gov,2026-06-25,21171aabd976f741372d9d2907e55c4b5d2f80f3f8f873e723bbfb8adc6c8ffc
bd7f9d5e27a55ea0,fscws_al_16_07.pdf,Fscws Al 16 07,NCDHHS Forms,policy,administrative,supervisor,,,1,313,local-cascade,https://policies.ncdhhs.gov/wp-content/uploads/fscws_al_16_07.pdf,policies.ncdhhs.gov,2026-06-25,7a5f02197600bbd27face173752f6734a875e0ffa81e9f652e0aaebcc1c9a4b3
8d9ac6d5648b5830,fscws_al_17_07.pdf,Fscws Al 17 07,NCDHHS Forms,policy,foster_care,social_worker,,,2,988,local-cascade,https://policies.ncdhhs.gov/wp-content/uploads/fscws_al_17_07.pdf,policies.ncdhhs.gov,2026-06-25,f0a60d493f781273d4cac68f73556dbbd49986cca02131687fc6fe1fa7aed1af
317ba79aecc0d30b,FSNA-Crosswalk.pdf,Fsna Crosswalk,NCDHHS Forms,manual,assessment,family,,,1,614,local-cascade,https://policies.ncdhhs.gov/wp-content/uploads/FSNA-Crosswalk.pdf,policies.ncdhhs.gov,2026-06-25,3689d6d9afc2874b56a057f3b7b607ef4e0387594d1424537839b4c61f48e85f
68cd452caf88096c,icpc.pdf,INTERSTATE/INTERCOUNTRY SERVICES,NCDHHS Forms,other,intake,social_worker,,,88,39042,local-cascade,https://policies.ncdhhs.gov/wp-content/uploads/icpc.pdf,policies.ncdhhs.gov,2026-06-25,bd12d6482025212ce4d4c4dfe143575854707a0785d16c8c1a0e604c4b65df86
0902d7a2e85767fd,icpc_cn_01-2013.pdf,Icpc Cn 01 2013,NCDHHS Forms,policy,foster_care,supervisor,DSS-1841,,2,700,local-cascade,https://policies.ncdhhs.gov/wp-content/uploads/icpc_cn_01-2013.pdf,policies.ncdhhs.gov,2026-06-25,2f1537e231031cc08bb79bbf146af3d6a65350f1c72ea54df0e2dc1ea3378cd2
74ed2999400c8da6,In-Home-Manual_Non-PATH-NC-Updates-May-2026.pdf,"IN-HOME SERVICES POLICY, PROTOCOL, AND GUIDANCE",NCDHHS Forms,manual,intake,social_worker,,,49,21990,local-cascade,https://policies.ncdhhs.gov/wp-content/uploads/In-Home-Manual_Non-PATH-NC-Updates-May-2026.pdf,policies.ncdhhs.gov,2026-06-25,d7f1c8e9f0b7413e44feb8a0f9dad919e08873a2814ef576bdcda1aafcee6bfe
e946b7e8ea6c0001,In-Home-Manual_PATH-NC-Updates-May-2026-v2.pdf,"IN-HOME SERVICES POLICY, PROTOCOL, AND GUIDANCE",NCDHHS Forms,manual,intake,social_worker,,,58,94536,local-cascade,https://policies.ncdhhs.gov/wp-content/uploads/In-Home-Manual_PATH-NC-Updates-May-2026-v2.pdf,policies.ncdhhs.gov,2026-06-25,686a6e8cc692ca5c5e6ee8f3b240b6c5d5eb56963ac8ca4e1c1c7042e8103dba
ff78da297ee84e85,information-for-child-welfare-on-clinical-assessment-of-protective-parenting-capp-1.pdf,Information For Child Welfare On Clinical Assessment Of Protective Parenting Capp 1,NCDHHS Forms,other,assessment,provider,DSS-5229,,1,340,local-cascade,https://policies.ncdhhs.gov/wp-content/uploads/information-for-child-welfare-on-clinical-assessment-of-protective-parenting-capp-1.pdf,policies.ncdhhs.gov,2026-06-25,2ac5d4268dac2ed938f02b5623df3f1e997409dbb11f6d9c1d997034f7673d3b
d443ce1b4faa2f06,Intake-and-Assessment-Frequently-Asked-Questions-May-2025.pdf,Frequently Asked Questions,NCDHHS Forms,other,intake,social_worker,,,14,5812,local-cascade,https://policies.ncdhhs.gov/wp-content/uploads/Intake-and-Assessment-Frequently-Asked-Questions-May-2025.pdf,policies.ncdhhs.gov,2026-06-25,b8c87bc49794e774222c26fdc74774041c348975eaed1f02810814aeae786f8e
3b9a9e9b823a868e,Intake-Decision-Flowchart.pdf,Intake,NCDHHS Forms,other,intake,supervisor,,,1,136,local-cascade,https://policies.ncdhhs.gov/wp-content/uploads/Intake-Decision-Flowchart.pdf,policies.ncdhhs.gov,2026-06-25,4aac36263e6e23ee6973718a97a599839bce020380ef1df2dcd916c0d8690b64
13f45b3a257a316d,LINKS-as-an-Outcome-Based-Service-Resource-Guide-April-2026.pdf,Links As An Outcome Based Service Resource Guide April 2026,NCDHHS Forms,guidance,foster_care,provider,,,5,4215,local-cascade,https://policies.ncdhhs.gov/wp-content/uploads/LINKS-as-an-Outcome-Based-Service-Resource-Guide-April-2026.pdf,policies.ncdhhs.gov,2026-06-25,bfa966dfa2d54df71d0e0cc7bda2c1df8ab54396424314baef8678f0be0b9dae
828e09cfe5342a76,LINKS-Vehicle-Resource-Guide-April-2026.pdf,LINKS Vehicle Resource Guide,NCDHHS Forms,guidance,assessment,court,,,2,580,local-cascade,https://policies.ncdhhs.gov/wp-content/uploads/LINKS-Vehicle-Resource-Guide-April-2026.pdf,policies.ncdhhs.gov,2026-06-25,3af6cb37aeb353204bd4c2417487ca2b45a7dda80f97e2c0b07dc6829b766281
247ef22a98b0b02d,National-Youth-in-Transition-Database-Resource-Guide-Oct-2024.pdf,National Youth In Transition Database Resource Guide Oct 2024,NCDHHS Forms,guidance,assessment,court,,,4,2004,local-cascade,https://policies.ncdhhs.gov/wp-content/uploads/National-Youth-in-Transition-Database-Resource-Guide-Oct-2024.pdf,policies.ncdhhs.gov,2026-06-25,2d38040dc43ae7b30ac680da70ae33a8249c981eab8e2d82cbb87d75fe97fd28
e5a0834c064c0eff,NC-Child-Welfare-Disaster-Plan_2025-2029.pdf,Division of Social Services,NCDHHS Forms,other,intake,social_worker,,,21,7132,local-cascade,https://policies.ncdhhs.gov/wp-content/uploads/NC-Child-Welfare-Disaster-Plan_2025-2029.pdf,policies.ncdhhs.gov,2026-06-25,fcf65f485a6d1baf2b9ee04c1ed5ee53e244c7af2a338cedd39c928ec9909c5c
d5fe059d93d51898,NC-Progress-to-Case-Closure-Guide.pdf,PROGRESS TO,NCDHHS Forms,guidance,intake,social_worker,,,35,9143,local-cascade,https://policies.ncdhhs.gov/wp-content/uploads/NC-Progress-to-Case-Closure-Guide.pdf,policies.ncdhhs.gov,2026-06-25,ff558f3282bd4c4211cf6167375fe6d6022e6ab56875c1fcc4ee228b05ea2ec3
4f607c1f9d76042b,NC-Progress-to-Case-Closure-Guide_SP.pdf,GUÍA DE,NCDHHS Forms,guidance,assessment,supervisor,,,35,9780,local-cascade,https://policies.ncdhhs.gov/wp-content/uploads/NC-Progress-to-Case-Closure-Guide_SP.pdf,policies.ncdhhs.gov,2026-06-25,ecfa309c18f7288b7875f2930ffae5058c6ba85e47c65dbe7c303e4fc59f1427
34c92ef980803881,NC-SDM-FSNA-Manual.pdf,SDM® FSNA,NCDHHS Forms,manual,assessment,social_worker,DSS-5229,,57,17208,local-cascade,https://policies.ncdhhs.gov/wp-content/uploads/NC-SDM-FSNA-Manual.pdf,policies.ncdhhs.gov,2026-06-25,e97c5a4880dbd85037bb30f4f8f429a70f23e9dd0c0ab57bc703155f95582b7d
eabcdb0f061eeb8d,NC-SDM-FSNA-Manual_SP.pdf,TÉRMINOS CLAVE,NCDHHS Forms,manual,assessment,supervisor,,,59,17963,local-cascade,https://policies.ncdhhs.gov/wp-content/uploads/NC-SDM-FSNA-Manual_SP.pdf,policies.ncdhhs.gov,2026-06-25,34c10863d5a5f0e3a255cb048283fe60ae078fc01431ee83daae0f306f916569
c7df4798e76d2f87,NC-SDM-Reunification-Manual.pdf,KEY TERMS,NCDHHS Forms,manual,assessment,social_worker,,,65,18122,local-cascade,https://policies.ncdhhs.gov/wp-content/uploads/NC-SDM-Reunification-Manual.pdf,policies.ncdhhs.gov,2026-06-25,2079a7f9a1be605fc3fef9ec767f1eda5fad3ba2e16aa356c858d81cd06afafb
3e9d824a2abd64f8,NC-SDM-Reunification-Manual_SP.pdf,TÉRMINOS CLAVE,NCDHHS Forms,manual,assessment,supervisor,,,66,20434,local-cascade,https://policies.ncdhhs.gov/wp-content/uploads/NC-SDM-Reunification-Manual_SP.pdf,policies.ncdhhs.gov,2026-06-25,8c9d4a90fbfa4505aac943e74278640c9e8a4048d5e1a7f67a2f3021f152502a
c02d9e65452214fb,NC-SDM-Tool-Desk-Guide_SP.pdf,MANUAL DE REFERENCIA DE HERRAMIENTAS SDM®,NCDHHS Forms,guidance,assessment,family,,,3,1053,local-cascade,https://policies.ncdhhs.gov/wp-content/uploads/NC-SDM-Tool-Desk-Guide_SP.pdf,policies.ncdhhs.gov,2026-06-25,0c3bb843af6f4e867317c42fcaf25c661a8091a811c5e33f8e35eeb0f7783fec
cdeb15cb0a7d9f9c,Near-Fatality-and-Fatality-Policy_1.14.2026.pdf,"STATE CHILD FATALITY AND NEAR FATALITY REVIEW POLICY,",NCDHHS Forms,other,intake,social_worker,,2026-01-14,15,17715,local-cascade,https://policies.ncdhhs.gov/wp-content/uploads/Near-Fatality-and-Fatality-Policy_1.14.2026.pdf,policies.ncdhhs.gov,2026-06-25,6078c858d66e0bd8eb7e1ace7f1e12752d314a45e412d6cc63304d59ff380521
68b70a1175467ad1,North-Carolina-SDM-Risk-Assessment_FINAL-2025-1.pdf,CARETAKERS AND HOUSEHOLDS,NCDHHS Forms,manual,assessment,social_worker,DSS-5230,,21,5869,local-cascade,https://policies.ncdhhs.gov/wp-content/uploads/North-Carolina-SDM-Risk-Assessment_FINAL-2025-1.pdf,policies.ncdhhs.gov,2026-06-25,1d7fb5e8792ab0be77401cdc0036e7861d96729e617549989b9b811b55ad42ed
ca2ff5f072db3584,North-Carolina-SDM-Safety-Manual.pdf,CARETAKERS AND HOUSEHOLDS,NCDHHS Forms,manual,assessment,social_worker,DSS-5231,,38,10254,local-cascade,https://policies.ncdhhs.gov/wp-content/uploads/North-Carolina-SDM-Safety-Manual.pdf,policies.ncdhhs.gov,2026-06-25,b8fbec6d5c17133f40a27da2dc11a57d5fe10818d51efec49089d1c8599ede66
f588a5790278fe9a,North-Carolina-SDM-Safety-Manual_FINAL-6.20.25_Spanish.pdf,CUIDADORES Y HOGARES,NCDHHS Forms,manual,assessment,supervisor,DSS-5231,2025-06-20,43,11093,local-cascade,https://policies.ncdhhs.gov/wp-content/uploads/North-Carolina-SDM-Safety-Manual_FINAL-6.20.25_Spanish.pdf,policies.ncdhhs.gov,2026-06-25,51a1b35610045bacc06ae2600cb020c9dcc297d190f70c525b78ea708d1a374a
2b14d29f185828b4,North-Carolina-SDM-Tool-Desk-Guide-2.pdf,NORTH CAROLINA SDM® TOOL DESK GUIDE,NCDHHS Forms,guidance,assessment,social_worker,,,2,2310,local-cascade,https://policies.ncdhhs.gov/wp-content/uploads/North-Carolina-SDM-Tool-Desk-Guide-2.pdf,policies.ncdhhs.gov,2026-06-25,216089b04436af23417221f6ca292c7af45f70b332d268e78f88c6f66dbca0d5
595fd49a0007a1b8,pp_cn_09-04.pdf,Pp Cn 09 04,NCDHHS Forms,policy,administrative,supervisor,,,2,265,local-cascade,https://policies.ncdhhs.gov/wp-content/uploads/pp_cn_09-04.pdf,policies.ncdhhs.gov,2026-06-25,6281669cc4a1e7aeaa044fcd96dcedb9e7f2f7c300b3c2e5d509594f328074f5
266c182ab01a740a,pp_cn_2-05.pdf,Pp Cn 2 05,NCDHHS Forms,policy,administrative,supervisor,,,1,191,local-cascade,https://policies.ncdhhs.gov/wp-content/uploads/pp_cn_2-05.pdf,policies.ncdhhs.gov,2026-06-25,94bc860c0e50f225b94ec9145ef302f0da93ab0ec134f836122a6c68c019e13b
4e1c0a4c0560496c,Purpose-1.pdf,"CPS: PURPOSE AND PHILOSOPHY, LEGAL BASIS, AND ADMINISTRATION",NCDHHS Forms,other,intake,social_worker,,,32,32584,local-cascade,https://policies.ncdhhs.gov/wp-content/uploads/Purpose-1.pdf,policies.ncdhhs.gov,2026-06-25,3d1f6db4b4b34217475bab70ea37c5f6eb3a9c3412f40de2ee60fa4f3901997f
850f057f3ea39226,rams-manual.pdf,REGIONAL ABUSE AND MEDICAL SPECIALISTS,NCDHHS Forms,manual,intake,social_worker,,,11,9239,local-cascade,https://policies.ncdhhs.gov/wp-content/uploads/rams-manual.pdf,policies.ncdhhs.gov,2026-06-25,42b0ca3ed9bf3a2c2d25d02d152aca87016cd7df5df95f0c12f77a864ae3f89d
674ae3de68f957c9,Reasonable_Prudent_Parenting_Activities_Guide-June-2025.pdf,Reasonable Prudent Parenting Activities Guide June 2025,NCDHHS Forms,guidance,foster_care,social_worker,,,7,2632,local-cascade,https://policies.ncdhhs.gov/wp-content/uploads/Reasonable_Prudent_Parenting_Activities_Guide-June-2025.pdf,policies.ncdhhs.gov,2026-06-25,3b39502910a7837f5ab4743290f928c783d91daa51bde191e4c3988f5baf3240
83765c68474ecb99,Request-for-Review-by-Prosecutor-or-DHHS.pdf,Request for,NCDHHS Forms,other,assessment,social_worker,,,2,345,local-cascade,https://policies.ncdhhs.gov/wp-content/uploads/Request-for-Review-by-Prosecutor-or-DHHS.pdf,policies.ncdhhs.gov,2026-06-25,0c364435d5b5ce0afd587b8c29beb7685a3962a327065f2a7a5b611a1d3d4420
3960b0aafa62d9f6,Resource_Using-Circles-of-Safety-and-Support-to-Build-Safety-Networks_June2024.pdf,Resource Using Circles Of Safety And Support To Build Safety Networks June2024,NCDHHS Forms,guidance,assessment,social_worker,,,4,3408,local-cascade,https://policies.ncdhhs.gov/wp-content/uploads/Resource_Using-Circles-of-Safety-and-Support-to-Build-Safety-Networks_June2024.pdf,policies.ncdhhs.gov,2026-06-25,8d74d5eb7171d0a9988319f3733cd0f2b1594986dcac4288dcfc32aebafc40f1
695fb0b64d844d56,safe-sleep-practice-guide-for-child-welfare-workers-1.pdf,Safe Sleep Practice Guide For Child Welfare Workers 1,NCDHHS Forms,guidance,safety,provider,,,3,2203,local-cascade,https://policies.ncdhhs.gov/wp-content/uploads/safe-sleep-practice-guide-for-child-welfare-workers-1.pdf,policies.ncdhhs.gov,2026-06-25,216489a1d923afdb1c665337c3c96dd0a05be5ad517d48df233527e5a87264fb
fc51e525ced6be04,SafetyAssessment-Plan-Spanish.pdf,EVALUACIÓN DE SEGURIDAD DE SDM,NCDHHS Forms,other,assessment,supervisor,DSS-5231,,18,2492,local-cascade,https://policies.ncdhhs.gov/wp-content/uploads/SafetyAssessment-Plan-Spanish.pdf,policies.ncdhhs.gov,2026-06-25,71b89b1dccc5d7872c84e824c2f98f457167b35bbb3411621776d9270d2402a9
96f566cf5935f502,SDM-Screening-and-Response-Instructions-Manual-January-2026-1.pdf,CARETAKERS AND HOUSEHOLDS,NCDHHS Forms,manual,intake,social_worker,,,24,7921,local-cascade,https://policies.ncdhhs.gov/wp-content/uploads/SDM-Screening-and-Response-Instructions-Manual-January-2026-1.pdf,policies.ncdhhs.gov,2026-06-25,26e4a10f5288d220f045c4e43c082ec92d2c5a9714085167415a2bb9d112501c
938951cd050901c7,wf_al_02_07.pdf,Wf Al 02 07,NCDHHS Forms,policy,administrative,supervisor,,,2,465,local-cascade,https://policies.ncdhhs.gov/wp-content/uploads/wf_al_02_07.pdf,policies.ncdhhs.gov,2026-06-25,eaa7c9ec1eb2d30afb97563efd8af97f13ab42ae111a7f29bd31aad12fc372ad
95fb75fb6e79ee6a,wf_al_03_07.pdf,Wf Al 03 07,NCDHHS Forms,policy,assessment,supervisor,,,11,2901,local-cascade,https://policies.ncdhhs.gov/wp-content/uploads/wf_al_03_07.pdf,policies.ncdhhs.gov,2026-06-25,fadbd69a038087b08d37ddb02211400a8491baf7d6872eeddb92d3def953d3a3
aa01cf0e6c2eeea4,wf_al_05_07.pdf,Wf Al 05 07,NCDHHS Forms,policy,health,social_worker,,,6,1663,local-cascade,https://policies.ncdhhs.gov/wp-content/uploads/wf_al_05_07.pdf,policies.ncdhhs.gov,2026-06-25,b05c23aaf042daf7617e515d7cf6872da103ff652afe01750a1021cdde27313b
d437dc261df4de3c,wf_al_06_08.pdf,Wf Al 06 08,NCDHHS Forms,policy,administrative,social_worker,,,2,640,local-cascade,https://policies.ncdhhs.gov/wp-content/uploads/wf_al_06_08.pdf,policies.ncdhhs.gov,2026-06-25,32a9580c71ff820839ec220349e5cc73c1a8883da63b2bfc53fb94e63b83aba9
a04bd23fcdcbb858,wf_al_08_07.pdf,Wf Al 08 07,NCDHHS Forms,policy,administrative,supervisor,,,2,215,local-cascade,https://policies.ncdhhs.gov/wp-content/uploads/wf_al_08_07.pdf,policies.ncdhhs.gov,2026-06-25,3e3aa4b04a69e1e686c8973fed0a6acad73eb79aa43d887a218beb9d53a273dc
97f36cee139d046a,wf_al_13_08.pdf,Wf Al 13 08,NCDHHS Forms,policy,administrative,social_worker,,,2,809,local-cascade,https://policies.ncdhhs.gov/wp-content/uploads/wf_al_13_08.pdf,policies.ncdhhs.gov,2026-06-25,356a0cdf91c9092cb1d1b7121f3d2e41198680c4a16066a3f9c83b54dd6c3f1a
f5b15be28269f0bc,wf_al_15_08.pdf,Wf Al 15 08,NCDHHS Forms,policy,assessment,social_worker,,,1,508,local-cascade,https://policies.ncdhhs.gov/wp-content/uploads/wf_al_15_08.pdf,policies.ncdhhs.gov,2026-06-25,2a436627010807112f7194bb76ba78bee1fc39aaca6832ba9dd2e19acc1355c4
d1880663b4bb69bf,Appendix-3.5-Child-Welfare-Funding-_-Foster-Care-PATH-NC-April-2026-1.pdf,Appendix 3.5 Child Welfare Funding   Foster Care Path Nc April 2026 1,NCDHHS Manuals / Guides / Policies,manual,foster_care,social_worker,,,67,29249,local-cascade,https://policies.ncdhhs.gov/wp-content/uploads/Appendix-3.5-Child-Welfare-Funding-–-Foster-Care-PATH-NC-April-2026-1.pdf,policies.ncdhhs.gov,2026-06-25,822992a63d6e276fbd7b6d3840a6bcfef0c5d55b28059949490cea4e987c549b
0c8d189c1887fcb5,CPS-Assessments-June-2026-Non-PATH-NC.pdf,CPS FAMILY AND INVESTIGATIVE ASSESSMENTS,NCDHHS Manuals / Guides / Policies,other,assessment,social_worker,,,104,44792,local-cascade,https://policies.ncdhhs.gov/wp-content/uploads/CPS-Assessments-June-2026-Non-PATH-NC.pdf,policies.ncdhhs.gov,2026-06-25,91ba906aa6c6b08c84dfc1d9ca7642098d33f04a8155cacd3e99d113eed0ee94
ccd1dad7a036e689,CPS-Intake-Manual-January-2026-2.pdf,"CPS INTAKE POLICY, PROTOCOL, AND GUIDANCE",NCDHHS Manuals / Guides / Policies,manual,intake,social_worker,,,90,33966,local-cascade,https://policies.ncdhhs.gov/wp-content/uploads/CPS-Intake-Manual-January-2026-2.pdf,policies.ncdhhs.gov,2026-06-25,4bea85f7e7c12a40ddfc739cbc21bd2cf6e9648fc0cd76fb37732dfd63517d12
de366c1f35fe9fc6,Cross-Functions-Nov-2025.pdf,Confidentiality,NCDHHS Manuals / Guides / Policies,manual,intake,social_worker,,,330,119263,local-cascade,https://policies.ncdhhs.gov/wp-content/uploads/Cross-Functions-Nov-2025.pdf,policies.ncdhhs.gov,2026-06-25,dd95aaeee9799692285eb3080e874736d2d58d2d6f3f92a6807e1d488be51de2
46bb8ff80d84c57b,disaster-toolkit_9-17-21c.pdf,1. Overview of the Toolkit,NCDHHS Manuals / Guides / Policies,guidance,intake,social_worker,,2021-09-17,110,60182,local-cascade,https://policies.ncdhhs.gov/wp-content/uploads/disaster-toolkit_9-17-21c.pdf,policies.ncdhhs.gov,2026-06-25,7f6b47088c6612587841fd5e1603e647d43d8c590cb4158916a861f9fbcf1ebb
288adf7779a9b1fb,DSS-5240-Permanency-Planning-Family-Case-Plan-PATH-NC.pdf,Dss 5240 Permanency Planning Family Case Plan Path Nc,NCDHHS Manuals / Guides / Policies,form,case_planning,social_worker,DSS-5240,,10,4354,local-cascade,https://policies.ncdhhs.gov/wp-content/uploads/DSS-5240-Permanency-Planning-Family-Case-Plan-PATH-NC.pdf,policies.ncdhhs.gov,2026-06-25,ddfd452c4b3f41c38e78e599093e031cda80319a53d4e1badb338db93f632aff
1c2995e5d7d4d452,PATH-NC-Intake-Manual-January-2026-1.pdf,"SDM INTAKE POLICY, PROTOCOL, AND GUIDANCE",NCDHHS Manuals / Guides / Policies,manual,intake,social_worker,,,76,74132,local-cascade,https://policies.ncdhhs.gov/wp-content/uploads/PATH-NC-Intake-Manual-January-2026-1.pdf,policies.ncdhhs.gov,2026-06-25,8949c2e33b2160747e0bcac276b4e16e3e30cbd6be9a142f712538ac23d531e1
cf07a1ae781b8141,Permanency-Planning-Manual_Non-PATH-NC-Updates-April-2026-2.pdf,"PERMANENCY PLANNING SERVICES POLICY, PROTOCOL, AND GUIDANCE",NCDHHS Manuals / Guides / Policies,manual,case_planning,social_worker,,,233,98200,local-cascade,https://policies.ncdhhs.gov/wp-content/uploads/Permanency-Planning-Manual_Non-PATH-NC-Updates-April-2026-2.pdf,policies.ncdhhs.gov,2026-06-25,71d75f5287b4bafb9608ab87ee3b7f38e00f193dc899a989d4308867ba91ea4c
7ae0f8a93043ecba,Permanency-Planning-Manual_PATH-NC-Updates-May-2026-1.pdf,"PERMANENCY PLANNING SERVICES POLICY, PROTOCOL, AND GUIDANCE",NCDHHS Manuals / Guides / Policies,manual,case_planning,social_worker,,,227,96291,local-cascade,https://policies.ncdhhs.gov/wp-content/uploads/Permanency-Planning-Manual_PATH-NC-Updates-May-2026-1.pdf,policies.ncdhhs.gov,2026-06-25,1d79d3cd9c717379c549703c5d4f1f2ee72190f6ddbd6e2e66df1ae2b5a20c38
